player_name,team,total_points,total_rebounds,total_assists,total_minutes,total_fga,total_fta,total_3pa,total_turnovers,games_played,points_per_game,rebounds_per_game,assists_per_game,minutes_per_game,turnovers_per_game,production_score,production_rank
Nikola Jokic,Nuggets,2301.0,1015.0,785.0,2962.0,1550.0,518.0,378.0,271.0,79,29.126582278481013,12.848101265822784,9.936708860759493,37.49367088607595,3.430379746835443,59.44936708860759,1.0
Giannis Antetokounmpo,Bucks,2036.0,823.0,424.0,2306.0,1326.0,708.0,58.0,219.0,69,29.507246376811594,11.927536231884059,6.144927536231884,33.42028985507246,3.1739130434782608,53.03768115942029,2.0
Luka Doncic,Mavericks,619.0,183.0,172.0,782.0,466.0,146.0,212.0,75.0,22,28.136363636363637,8.318181818181818,7.818181818181818,35.54545454545455,3.409090909090909,49.845454545454544,3.0
Luka Doncic,Lakers,755.0,219.0,198.0,966.0,537.0,241.0,262.0,109.0,27,27.962962962962962,8.11111111111111,7.333333333333333,35.77777777777778,4.037037037037037,48.696296296296296,4.0
Shai Gilgeous-Alexander,Thunder,3053.0,485.0,602.0,3317.0,2070.0,848.0,529.0,234.0,96,31.802083333333332,5.052083333333333,6.270833333333333,34.552083333333336,2.4375,47.27083333333333,5.0
LeBron James,Lakers,1697.0,552.0,565.0,2427.0,1264.0,332.0,395.0,260.0,69,24.594202898550726,8.0,8.18840579710145,35.17391304347826,3.7681159420289854,46.4768115942029,6.0
Cade Cunningham,Pistons,1919.0,464.0,678.0,2635.0,1538.0,401.0,435.0,335.0,76,25.25,6.105263157894737,8.921052631578947,34.671052631578945,4.407894736842105,45.95789473684211,7.0
Domantas Sabonis,Kings,1224.0,889.0,398.0,2230.0,814.0,267.0,143.0,196.0,64,19.125,13.890625,6.21875,34.84375,3.0625,45.121875,8.0
Trae Young,Hawks,1738.0,226.0,810.0,2566.0,1302.0,531.0,601.0,333.0,72,24.13888888888889,3.138888888888889,11.25,35.638888888888886,4.625,44.78055555555555,9.0
Jayson Tatum,Celtics,2038.0,674.0,440.0,2776.0,1542.0,464.0,762.0,221.0,80,25.475,8.425,5.5,34.7,2.7625,43.835,10.0
Anthony Davis,Lakers,1081.0,499.0,141.0,1440.0,758.0,321.0,94.0,93.0,44,24.568181818181817,11.340909090909092,3.2045454545454546,32.72727272727273,2.1136363636363638,42.9840909090909,11.0
Victor Wembanyama,Spurs,1116.0,506.0,168.0,1526.0,857.0,189.0,403.0,149.0,46,24.26086956521739,11.0,3.652173913043478,33.17391304347826,3.239130434782609,42.93913043478261,12.0
James Harden,Clippers,1689.0,449.0,669.0,2710.0,1234.0,542.0,641.0,325.0,76,22.223684210526315,5.907894736842105,8.802631578947368,35.6578947368421,4.276315789473684,42.51710526315789,13.0
LaMelo Ball,Hornets,1141.0,228.0,326.0,1442.0,971.0,221.0,514.0,158.0,45,25.355555555555554,5.066666666666666,7.2444444444444445,32.044444444444444,3.511111111111111,42.30222222222222,14.0
Paolo Banchero,Magic,1219.0,354.0,222.0,1631.0,943.0,398.0,268.0,136.0,47,25.93617021276596,7.531914893617022,4.723404255319149,34.702127659574465,2.893617021276596,42.0595744680851,15.0
Anthony Davis,Mavericks,109.0,52.0,25.0,155.0,101.0,28.0,22.0,3.0,5,21.8,10.4,5.0,31.0,0.6,41.78,16.0
Devin Booker,Suns,1795.0,277.0,478.0,2573.0,1309.0,456.0,520.0,198.0,69,26.014492753623188,4.0144927536231885,6.927536231884058,37.289855072463766,2.869565217391304,41.2231884057971,17.0
Anthony Edwards,Timberwolves,2343.0,537.0,415.0,3207.0,1767.0,545.0,858.0,268.0,88,26.625,6.1022727272727275,4.715909090909091,36.44318181818182,3.0454545454545454,41.021590909090904,18.0
Jalen Brunson,Knicks,2205.0,247.0,596.0,2955.0,1578.0,584.0,522.0,216.0,83,26.566265060240966,2.9759036144578315,7.180722891566265,35.602409638554214,2.602409638554217,40.90843373493976,19.0
Kevin Durant,Suns,1545.0,352.0,253.0,2144.0,1057.0,340.0,350.0,179.0,58,26.637931034482758,6.068965517241379,4.362068965517241,36.96551724137931,3.086206896551724,40.46379310344827,20.0
De'Aaron Fox,Kings,1124.0,225.0,276.0,1665.0,883.0,246.0,286.0,133.0,45,24.977777777777778,5.0,6.133333333333334,37.0,2.9555555555555557,40.17777777777778,21.0
Karl-Anthony Towns,Knicks,1981.0,1048.0,219.0,2924.0,1382.0,465.0,386.0,203.0,89,22.258426966292134,11.775280898876405,2.460674157303371,32.853932584269664,2.2808988764044944,40.07977528089887,22.0
Damian Lillard,Bucks,1491.0,284.0,428.0,2204.0,1031.0,407.0,550.0,169.0,62,24.048387096774192,4.580645161290323,6.903225806451613,35.54838709677419,2.725806451612903,39.9,23.0
Ja Morant,Grizzlies,1144.0,202.0,368.0,1529.0,891.0,314.0,277.0,185.0,51,22.431372549019606,3.9607843137254903,7.215686274509804,29.980392156862745,3.627450980392157,38.0078431372549,24.0
Franz Wagner,Magic,1462.0,348.0,289.0,2079.0,1188.0,315.0,360.0,142.0,61,23.9672131147541,5.704918032786885,4.737704918032787,34.08196721311475,2.3278688524590163,37.91967213114754,25.0
Alperen Sengun,Rockets,1472.0,809.0,368.0,2429.0,1171.0,431.0,95.0,199.0,80,18.4,10.1125,4.6,30.3625,2.4875,37.434999999999995,26.0
Donovan Mitchell,Cavaliers,1836.0,335.0,363.0,2361.0,1422.0,415.0,677.0,154.0,75,24.48,4.466666666666667,4.84,31.48,2.0533333333333332,37.1,27.0
Kyrie Irving,Mavericks,1234.0,240.0,231.0,1801.0,945.0,214.0,359.0,111.0,51,24.19607843137255,4.705882352941177,4.529411764705882,35.31372549019608,2.176470588235294,36.63725490196079,28.0
Zach LaVine,Bulls,1007.0,202.0,189.0,1437.0,710.0,182.0,305.0,121.0,42,23.976190476190474,4.809523809523809,4.5,34.214285714285715,2.880952380952381,36.49761904761905,29.0
Scottie Barnes,Raptors,1118.0,444.0,331.0,1911.0,947.0,278.0,251.0,165.0,59,18.949152542372882,7.52542372881356,5.610169491525424,32.389830508474574,2.7966101694915255,36.39491525423729,30.0
Dejounte Murray,Pelicans,542.0,200.0,228.0,1012.0,494.0,124.0,174.0,106.0,31,17.483870967741936,6.451612903225806,7.354838709677419,32.645161290322584,3.4193548387096775,36.25806451612903,31.0
Tyler Herro,Heat,1783.0,385.0,407.0,2688.0,1347.0,312.0,671.0,204.0,79,22.569620253164558,4.8734177215189876,5.151898734177215,34.0253164556962,2.5822784810126582,36.14556962025316,32.0
Stephen Curry,Warriors,1761.0,337.0,434.0,2368.0,1290.0,305.0,805.0,214.0,79,22.29113924050633,4.265822784810126,5.493670886075949,29.974683544303797,2.7088607594936707,35.65063291139241,33.0
Miles Bridges,Hornets,1175.0,436.0,218.0,1822.0,968.0,233.0,400.0,120.0,57,20.614035087719298,7.649122807017544,3.824561403508772,31.964912280701753,2.1052631578947367,35.52982456140351,34.0
Nikola Vucevic,Bulls,1282.0,700.0,243.0,2178.0,980.0,144.0,309.0,110.0,70,18.314285714285713,10.0,3.4714285714285715,31.114285714285714,1.5714285714285714,35.52142857142857,35.0
Zion Williamson,Pelicans,737.0,216.0,159.0,856.0,508.0,241.0,13.0,90.0,35,21.057142857142857,6.171428571428572,4.542857142857143,24.457142857142856,2.5714285714285716,35.277142857142856,36.0
Ivica Zubac,Clippers,1278.0,954.0,194.0,2552.0,904.0,224.0,0.0,127.0,77,16.5974025974026,12.38961038961039,2.5194805194805197,33.142857142857146,1.6493506493506493,35.24415584415585,37.0
Tyrese Haliburton,Pacers,1638.0,360.0,799.0,3032.0,1232.0,274.0,678.0,164.0,93,17.612903225806452,3.870967741935484,8.591397849462366,32.60215053763441,1.7634408602150538,35.14516129032258,38.0
De'Aaron Fox,Spurs,335.0,73.0,116.0,577.0,280.0,72.0,95.0,41.0,17,19.705882352941178,4.294117647058823,6.823529411764706,33.94117647058823,2.411764705882353,35.09411764705882,39.0
Jamal Murray,Nuggets,1641.0,309.0,453.0,2866.0,1290.0,286.0,467.0,178.0,77,21.31168831168831,4.012987012987013,5.883116883116883,37.22077922077922,2.311688311688312,34.95194805194805,40.0
RJ Barrett,Raptors,1130.0,342.0,297.0,1741.0,901.0,293.0,277.0,154.0,57,19.82456140350877,6.0,5.2105263157894735,30.54385964912281,2.7017543859649122,34.84035087719298,41.0
Brandon Ingram,Pelicans,400.0,100.0,93.0,594.0,333.0,55.0,115.0,69.0,19,21.05263157894737,5.2631578947368425,4.894736842105263,31.263157894736842,3.6315789473684212,34.71052631578948,42.0
Bam Adebayo,Heat,1333.0,751.0,330.0,2628.0,1065.0,310.0,219.0,162.0,79,16.873417721518987,9.50632911392405,4.177215189873418,33.265822784810126,2.050632911392405,34.54683544303797,43.0
Julius Randle,Timberwolves,1487.0,522.0,364.0,2546.0,1073.0,384.0,359.0,231.0,77,19.31168831168831,6.779220779220779,4.7272727272727275,33.064935064935064,3.0,34.53766233766234,44.0
Jalen Williams,Thunder,1888.0,481.0,454.0,2939.0,1508.0,408.0,437.0,184.0,92,20.52173913043478,5.228260869565218,4.934782608695652,31.945652173913043,2.0,34.19782608695652,45.0
Desmond Bane,Grizzlies,1302.0,423.0,359.0,2207.0,1011.0,204.0,423.0,177.0,69,18.869565217391305,6.130434782608695,5.202898550724638,31.985507246376812,2.5652173913043477,34.030434782608694,46.0
Austin Reaves,Lakers,1430.0,325.0,413.0,2523.0,1024.0,346.0,531.0,180.0,72,19.86111111111111,4.513888888888889,5.736111111111111,35.041666666666664,2.5,33.88194444444444,47.0
Josh Giddey,Bulls,963.0,526.0,465.0,2013.0,761.0,205.0,270.0,192.0,68,14.161764705882353,7.735294117647059,6.838235294117647,29.602941176470587,2.823529411764706,33.701470588235296,48.0
Pascal Siakam,Pacers,1963.0,652.0,321.0,3135.0,1439.0,411.0,388.0,134.0,96,20.447916666666668,6.791666666666667,3.34375,32.65625,1.3958333333333333,33.61354166666667,49.0
DeMar DeRozan,Kings,1601.0,278.0,300.0,2558.0,1202.0,408.0,234.0,99.0,71,22.549295774647888,3.915492957746479,4.225352112676056,36.028169014084504,1.3943661971830985,33.585915492957746,50.0
Evan Mobley,Cavaliers,1352.0,672.0,217.0,2236.0,918.0,307.0,233.0,142.0,74,18.27027027027027,9.08108108108108,2.9324324324324325,30.216216216216218,1.9189189189189189,33.56621621621622,51.0
Jaylen Brown,Celtics,1553.0,427.0,317.0,2452.0,1254.0,370.0,399.0,193.0,76,20.43421052631579,5.618421052631579,4.171052631578948,32.26315789473684,2.539473684210526,33.4328947368421,52.0
Zach LaVine,Kings,598.0,92.0,101.0,966.0,422.0,85.0,189.0,72.0,26,23.0,3.5384615384615383,3.8846153846153846,37.15384615384615,2.769230769230769,33.073076923076925,53.0
Kawhi Leonard,Clippers,735.0,207.0,116.0,1123.0,576.0,121.0,176.0,70.0,35,21.0,5.914285714285715,3.3142857142857145,32.08571428571429,2.0,33.06857142857143,54.0
Jimmy Butler III,Warriors,657.0,214.0,204.0,1174.0,428.0,283.0,89.0,49.0,37,17.756756756756758,5.783783783783784,5.513513513513513,31.72972972972973,1.3243243243243243,32.96756756756757,55.0
Josh Hart,Knicks,1174.0,842.0,484.0,3324.0,851.0,253.0,284.0,182.0,89,13.191011235955056,9.460674157303371,5.438202247191011,37.348314606741575,2.044943820224719,32.701123595505614,56.0
Brandon Miller,Hornets,568.0,131.0,98.0,925.0,491.0,79.0,293.0,76.0,27,21.037037037037038,4.851851851851852,3.6296296296296298,34.25925925925926,2.814814814814815,32.303703703703704,57.0
Tyrese Maxey,76ers,1369.0,174.0,317.0,1963.0,1091.0,289.0,478.0,124.0,64,21.390625,2.71875,4.953125,30.671875,1.9375,32.0828125,58.0
Quentin Grimes,76ers,487.0,113.0,94.0,736.0,359.0,95.0,164.0,62.0,24,20.291666666666668,4.708333333333333,3.9166666666666665,30.666666666666668,2.5833333333333335,31.816666666666666,59.0
John Collins,Jazz,758.0,327.0,80.0,1220.0,531.0,164.0,148.0,103.0,40,18.95,8.175,2.0,30.5,2.575,31.759999999999998,60.0
Jaren Jackson Jr.,Grizzlies,1621.0,409.0,152.0,2215.0,1206.0,401.0,382.0,157.0,74,21.905405405405407,5.527027027027027,2.054054054054054,29.93243243243243,2.1216216216216215,31.618918918918922,61.0
Darius Garland,Cavaliers,1519.0,198.0,494.0,2257.0,1149.0,259.0,524.0,189.0,80,18.9875,2.475,6.175,28.2125,2.3625,31.22,62.0
Coby White,Bulls,1431.0,258.0,315.0,2338.0,1078.0,279.0,571.0,168.0,71,20.154929577464788,3.6338028169014085,4.436619718309859,32.929577464788736,2.3661971830985915,31.170422535211266,63.0
Jalen Green,Rockets,1649.0,381.0,274.0,2681.0,1394.0,310.0,657.0,195.0,81,20.358024691358025,4.703703703703703,3.382716049382716,33.098765432098766,2.4074074074074074,31.076543209876547,64.0
Trey Murphy III,Pelicans,1124.0,268.0,188.0,1856.0,839.0,230.0,438.0,103.0,56,20.071428571428573,4.785714285714286,3.357142857142857,33.142857142857146,1.8392857142857142,30.85,65.0
Joel Embiid,76ers,452.0,155.0,85.0,574.0,315.0,169.0,77.0,62.0,25,18.08,6.2,3.4,22.96,2.48,30.619999999999997,66.0
Jordan Poole,Wizards,1292.0,195.0,289.0,1907.0,1001.0,258.0,586.0,196.0,64,20.1875,3.046875,4.515625,29.796875,3.0625,30.6171875,67.0
Dennis Schroder,Nets,424.0,68.0,152.0,771.0,325.0,81.0,150.0,59.0,24,17.666666666666668,2.8333333333333335,6.333333333333333,32.125,2.4583333333333335,30.566666666666666,68.0
Malik Monk,Kings,1082.0,234.0,349.0,1967.0,900.0,174.0,410.0,153.0,62,17.451612903225808,3.774193548387097,5.629032258064516,31.725806451612904,2.467741935483871,30.4241935483871,69.0
Mark Williams,Hornets,597.0,392.0,97.0,1018.0,407.0,153.0,3.0,58.0,40,14.925,9.8,2.425,25.45,1.45,30.3225,70.0
Jalen Johnson,Hawks,680.0,359.0,181.0,1285.0,542.0,126.0,141.0,106.0,48,14.166666666666666,7.479166666666667,3.7708333333333335,26.770833333333332,2.2083333333333335,28.797916666666666,71.0
Norman Powell,Clippers,1279.0,190.0,126.0,1903.0,915.0,261.0,414.0,112.0,59,21.677966101694917,3.2203389830508473,2.135593220338983,32.25423728813559,1.8983050847457628,28.74576271186441,72.0
CJ McCollum,Pelicans,1143.0,207.0,220.0,1798.0,972.0,168.0,447.0,104.0,60,19.05,3.45,3.6666666666666665,29.966666666666665,1.7333333333333334,28.69,73.0
Derrick White,Celtics,1368.0,364.0,354.0,2786.0,1041.0,183.0,741.0,131.0,82,16.682926829268293,4.439024390243903,4.317073170731708,33.97560975609756,1.5975609756097562,28.48536585365854,74.0
Jarrett Allen,Cavaliers,1131.0,822.0,156.0,2386.0,642.0,294.0,3.0,107.0,83,13.626506024096386,9.903614457831326,1.8795180722891567,28.746987951807228,1.2891566265060241,28.33012048192771,75.0
Keyonte George,Jazz,1012.0,219.0,343.0,1846.0,803.0,259.0,445.0,164.0,64,15.8125,3.421875,5.359375,28.84375,2.5625,27.9578125,76.0
Anfernee Simons,Trail Blazers,1311.0,182.0,320.0,2194.0,1080.0,186.0,567.0,137.0,72,18.208333333333332,2.5277777777777777,4.444444444444445,30.47222222222222,1.9027777777777777,27.908333333333335,77.0
Jalen Duren,Pistons,868.0,786.0,205.0,2031.0,514.0,230.0,0.0,130.0,76,11.421052631578947,10.342105263157896,2.6973684210526314,26.723684210526315,1.7105263157894737,27.877631578947366,78.0
Deni Avdija,Trail Blazers,1089.0,468.0,256.0,1976.0,741.0,341.0,307.0,181.0,74,14.716216216216216,6.324324324324325,3.4594594594594597,26.7027027027027,2.445945945945946,27.494594594594595,79.0
Michael Porter Jr.,Nuggets,1387.0,567.0,158.0,2791.0,1074.0,192.0,510.0,105.0,84,16.511904761904763,6.75,1.880952380952381,33.226190476190474,1.25,27.43333333333333,80.0
Drew Timme,Nets,59.0,32.0,8.0,124.0,57.0,7.0,15.0,6.0,4,14.75,8.0,2.0,31.0,1.5,27.35,81.0
Russell Westbrook,Nuggets,1038.0,388.0,449.0,2209.0,866.0,241.0,316.0,243.0,80,12.975,4.85,5.6125,27.6125,3.0375,27.213749999999997,82.0
Dyson Daniels,Hawks,992.0,422.0,306.0,2416.0,861.0,134.0,218.0,143.0,72,13.777777777777779,5.861111111111111,4.25,33.55555555555556,1.9861111111111112,27.18611111111111,83.0
Lauri Markkanen,Jazz,892.0,278.0,70.0,1475.0,700.0,185.0,399.0,66.0,49,18.20408163265306,5.673469387755102,1.4285714285714286,30.102040816326532,1.346938775510204,27.155102040816324,84.0
Isaiah Hartenstein,Thunder,786.0,754.0,248.0,2001.0,586.0,145.0,18.0,115.0,76,10.342105263157896,9.921052631578947,3.263157894736842,26.32894736842105,1.513157894736842,27.142105263157895,85.0
Onyeka Okongwu,Hawks,918.0,601.0,157.0,1895.0,639.0,195.0,133.0,78.0,70,13.114285714285714,8.585714285714285,2.242857142857143,27.071428571428573,1.1142857142857143,26.78142857142857,86.0
Jaden Ivey,Pistons,528.0,124.0,119.0,900.0,413.0,116.0,154.0,89.0,32,16.5,3.875,3.71875,28.125,2.78125,26.728125,87.0
Mikal Bridges,Knicks,1587.0,323.0,322.0,3492.0,1341.0,125.0,520.0,157.0,92,17.25,3.510869565217391,3.5,37.95652173913044,1.7065217391304348,26.713043478260868,88.0
Bradley Beal,Suns,876.0,172.0,186.0,1629.0,670.0,130.0,253.0,97.0,51,17.176470588235293,3.372549019607843,3.6470588235294117,31.941176470588236,1.9019607843137254,26.694117647058825,89.0
Jakob Poeltl,Raptors,769.0,513.0,152.0,1604.0,541.0,141.0,3.0,104.0,61,12.60655737704918,8.40983606557377,2.4918032786885247,26.295081967213115,1.7049180327868851,26.43606557377049,90.0
Aaron Gordon,Nuggets,895.0,330.0,172.0,1793.0,608.0,211.0,213.0,88.0,59,15.169491525423728,5.593220338983051,2.9152542372881354,30.389830508474578,1.4915254237288136,26.254237288135595,91.0
Collin Sexton,Jazz,1054.0,164.0,243.0,1618.0,786.0,224.0,252.0,148.0,62,17.0,2.6451612903225805,3.9193548387096775,26.096774193548388,2.3870967741935485,26.05322580645161,92.0
Walker Kessler,Jazz,616.0,673.0,93.0,1656.0,391.0,143.0,24.0,83.0,60,10.266666666666667,11.216666666666667,1.55,27.6,1.3833333333333333,26.051666666666666,93.0
Paul George,76ers,665.0,219.0,178.0,1335.0,570.0,97.0,268.0,106.0,46,14.456521739130435,4.760869565217392,3.869565217391304,29.02173913043478,2.3043478260869565,25.973913043478262,94.0
Amen Thompson,Rockets,997.0,573.0,257.0,2275.0,723.0,267.0,86.0,141.0,80,12.4625,7.1625,3.2125,28.4375,1.7625,25.87625,95.0
Chet Holmgren,Thunder,741.0,415.0,71.0,1410.0,550.0,203.0,188.0,75.0,52,14.25,7.980769230769231,1.3653846153846154,27.115384615384617,1.4423076923076923,25.875,96.0
Kyle Kuzma,Wizards,486.0,185.0,79.0,887.0,455.0,98.0,160.0,73.0,32,15.1875,5.78125,2.46875,27.71875,2.28125,25.828125,97.0
Cameron Johnson,Nets,1042.0,245.0,180.0,1750.0,726.0,217.0,396.0,92.0,63,16.53968253968254,3.888888888888889,2.857142857142857,27.77777777777778,1.4603174603174602,25.492063492063494,98.0
Rudy Gobert,Timberwolves,856.0,797.0,127.0,2546.0,510.0,298.0,0.0,93.0,80,10.7,9.9625,1.5875,31.825,1.1625,25.036250000000003,99.0
Christian Braun,Nuggets,1279.0,459.0,214.0,2974.0,893.0,227.0,272.0,86.0,86,14.872093023255815,5.337209302325581,2.488372093023256,34.58139534883721,1.0,25.009302325581395,100.0
Devin Vassell,Spurs,943.0,231.0,170.0,1839.0,815.0,119.0,387.0,82.0,59,15.983050847457626,3.9152542372881354,2.8813559322033897,31.16949152542373,1.3898305084745763,25.003389830508475,101.0
Andrew Wiggins,Warriors,755.0,197.0,102.0,1296.0,588.0,179.0,248.0,56.0,46,16.41304347826087,4.282608695652174,2.217391304347826,28.17391304347826,1.2173913043478262,24.878260869565217,102.0
Kai Jones,Mavericks,68.0,38.0,7.0,121.0,35.0,7.0,0.0,3.0,5,13.6,7.6,1.4,24.2,0.6,24.82,103.0
OG Anunoby,Knicks,1457.0,412.0,170.0,3194.0,1162.0,260.0,543.0,127.0,89,16.370786516853933,4.629213483146067,1.9101123595505618,35.8876404494382,1.4269662921348314,24.791011235955057,104.0
Jonas Valanciunas,Wizards,564.0,404.0,108.0,981.0,422.0,106.0,27.0,88.0,49,11.510204081632653,8.244897959183673,2.204081632653061,20.020408163265305,1.7959183673469388,24.710204081632654,105.0
De'Andre Hunter,Hawks,702.0,145.0,57.0,1063.0,492.0,176.0,247.0,59.0,39,18.0,3.717948717948718,1.4615384615384615,27.256410256410255,1.5128205128205128,24.653846153846153,106.0
Jordan Clarkson,Jazz,590.0,115.0,136.0,942.0,482.0,141.0,225.0,82.0,38,15.526315789473685,3.026315789473684,3.5789473684210527,24.789473684210527,2.1578947368421053,24.526315789473685,107.0
Stephon Castle,Spurs,1069.0,252.0,294.0,1952.0,889.0,301.0,302.0,157.0,74,14.445945945945946,3.4054054054054053,3.972972972972973,26.37837837837838,2.1216216216216215,24.491891891891893,108.0
Chris Paul,Spurs,659.0,272.0,566.0,2106.0,528.0,87.0,338.0,116.0,75,8.786666666666667,3.6266666666666665,7.546666666666667,28.08,1.5466666666666666,24.458666666666666,109.0
Bobby Portis,Bucks,741.0,453.0,114.0,1398.0,662.0,72.0,205.0,65.0,60,12.35,7.55,1.9,23.3,1.0833333333333333,24.259999999999998,110.0
Santi Aldama,Grizzlies,824.0,418.0,181.0,1664.0,658.0,89.0,322.0,67.0,66,12.484848484848484,6.333333333333333,2.742424242424242,25.21212121212121,1.0151515151515151,24.19848484848485,111.0
Tobias Harris,Pistons,1036.0,458.0,152.0,2420.0,831.0,174.0,271.0,81.0,75,13.813333333333333,6.1066666666666665,2.026666666666667,32.266666666666666,1.08,24.18133333333333,112.0
Shaedon Sharpe,Trail Blazers,1181.0,291.0,174.0,2028.0,981.0,219.0,420.0,136.0,75,15.746666666666666,3.88,2.32,27.04,1.8133333333333332,23.882666666666665,113.0
Naz Reid,Timberwolves,1216.0,516.0,191.0,2417.0,968.0,156.0,496.0,124.0,89,13.662921348314606,5.797752808988764,2.146067415730337,27.15730337078652,1.3932584269662922,23.83932584269663,114.0
Khris Middleton,Bucks,290.0,85.0,102.0,535.0,211.0,46.0,86.0,37.0,23,12.608695652173912,3.6956521739130435,4.434782608695652,23.26086956521739,1.608695652173913,23.69565217391304,115.0
Jeremy Sochan,Spurs,604.0,341.0,125.0,1311.0,453.0,123.0,86.0,81.0,51,11.843137254901961,6.686274509803922,2.450980392156863,25.705882352941178,1.588235294117647,23.54313725490196,116.0
Draymond Green,Warriors,661.0,445.0,408.0,2198.0,570.0,153.0,283.0,193.0,77,8.584415584415584,5.779220779220779,5.298701298701299,28.545454545454547,2.5064935064935066,23.467532467532465,117.0
Myles Turner,Pacers,1351.0,536.0,136.0,2685.0,971.0,319.0,454.0,152.0,94,14.372340425531915,5.702127659574468,1.446808510638298,28.56382978723404,1.6170212765957446,23.385106382978723,118.0
Immanuel Quickley,Raptors,502.0,102.0,166.0,819.0,385.0,116.0,195.0,53.0,38,13.210526315789474,2.6842105263157894,4.368421052631579,21.55263157894737,1.394736842105263,22.984210526315792,119.0
Bilal Coulibaly,Wizards,727.0,294.0,199.0,1948.0,624.0,185.0,224.0,125.0,60,12.116666666666667,4.9,3.316666666666667,32.46666666666667,2.0833333333333335,22.971666666666668,120.0
Caris LeVert,Hawks,342.0,84.0,57.0,579.0,255.0,63.0,110.0,22.0,23,14.869565217391305,3.652173913043478,2.4782608695652173,25.17391304347826,0.9565217391304348,22.969565217391306,121.0
Jaden McDaniels,Timberwolves,1168.0,527.0,177.0,2919.0,954.0,145.0,344.0,104.0,90,12.977777777777778,5.855555555555555,1.9666666666666666,32.43333333333333,1.1555555555555554,22.954444444444444,122.0
P.J. Washington,Mavericks,789.0,424.0,122.0,1717.0,635.0,185.0,228.0,108.0,65,12.138461538461538,6.523076923076923,1.876923076923077,26.415384615384614,1.6615384615384616,22.78153846153846,123.0
Tre Jones,Bulls,207.0,58.0,88.0,455.0,145.0,34.0,22.0,14.0,18,11.5,3.2222222222222223,4.888888888888889,25.27777777777778,0.7777777777777778,22.700000000000003,124.0
Jalen Suggs,Magic,567.0,141.0,129.0,1004.0,481.0,110.0,242.0,102.0,41,13.829268292682928,3.4390243902439024,3.1463414634146343,24.48780487804878,2.4878048780487805,22.67560975609756,125.0
Payton Pritchard,Celtics,1156.0,295.0,262.0,2333.0,861.0,97.0,630.0,78.0,84,13.761904761904763,3.511904761904762,3.119047619047619,27.773809523809526,0.9285714285714286,22.654761904761905,126.0
Keegan Murray,Kings,869.0,480.0,103.0,2450.0,762.0,72.0,413.0,60.0,71,12.23943661971831,6.76056338028169,1.4507042253521127,34.50704225352113,0.8450704225352113,22.528169014084504,127.0
Nic Claxton,Nets,634.0,475.0,143.0,1717.0,510.0,138.0,17.0,79.0,63,10.063492063492063,7.5396825396825395,2.2698412698412698,27.253968253968253,1.253968253968254,22.515873015873016,128.0
Kristaps Porzingis,Celtics,823.0,310.0,85.0,1321.0,599.0,223.0,257.0,58.0,59,13.94915254237288,5.254237288135593,1.4406779661016949,22.389830508474578,0.9830508474576272,22.415254237288135,129.0
Ayo Dosunmu,Bulls,566.0,161.0,208.0,1393.0,449.0,79.0,189.0,69.0,48,11.791666666666666,3.3541666666666665,4.333333333333333,29.020833333333332,1.4375,22.316666666666666,130.0
Alex Sarr,Wizards,774.0,398.0,140.0,1623.0,730.0,147.0,307.0,99.0,66,11.727272727272727,6.03030303030303,2.121212121212121,24.59090909090909,1.5,22.14545454545454,131.0
Bennedict Mathurin,Pacers,1332.0,439.0,148.0,2434.0,952.0,406.0,332.0,156.0,94,14.170212765957446,4.670212765957447,1.574468085106383,25.893617021276597,1.6595744680851063,22.136170212765954,132.0
Fred VanVleet,Rockets,899.0,237.0,331.0,2180.0,781.0,145.0,479.0,93.0,76,11.828947368421053,3.1184210526315788,4.355263157894737,28.68421052631579,1.2236842105263157,22.103947368421053,133.0
D'Angelo Russell,Lakers,359.0,80.0,136.0,763.0,311.0,53.0,168.0,50.0,30,11.966666666666667,2.6666666666666665,4.533333333333333,25.433333333333334,1.6666666666666667,21.966666666666665,134.0
Kyle Kuzma,Bucks,373.0,165.0,57.0,911.0,325.0,82.0,118.0,58.0,30,12.433333333333334,5.5,1.9,30.366666666666667,1.9333333333333333,21.883333333333333,135.0
Malik Beasley,Pistons,1272.0,206.0,131.0,2178.0,1022.0,124.0,747.0,85.0,79,16.10126582278481,2.607594936708861,1.6582278481012658,27.569620253164558,1.0759493670886076,21.71772151898734,136.0
Kelly Oubre Jr.,76ers,906.0,368.0,108.0,2084.0,741.0,185.0,242.0,80.0,70,12.942857142857143,5.257142857142857,1.542857142857143,29.771428571428572,1.1428571428571428,21.565714285714286,137.0
Naji Marshall,Mavericks,784.0,298.0,182.0,1686.0,621.0,133.0,201.0,104.0,66,11.878787878787879,4.515151515151516,2.757575757575758,25.545454545454547,1.5757575757575757,21.433333333333334,138.0
Tyus Jones,Suns,761.0,178.0,402.0,2032.0,623.0,57.0,371.0,88.0,74,10.283783783783784,2.4054054054054053,5.4324324324324325,27.45945945945946,1.1891891891891893,21.318918918918918,139.0
Jared McCain,76ers,352.0,56.0,60.0,594.0,274.0,56.0,133.0,37.0,24,14.666666666666666,2.3333333333333335,2.5,24.75,1.5416666666666667,21.216666666666665,140.0
Isaiah Collier,Jazz,530.0,210.0,407.0,1655.0,492.0,125.0,145.0,191.0,66,8.030303030303031,3.1818181818181817,6.166666666666667,25.075757575757574,2.893939393939394,21.09848484848485,141.0
Jonathan Kuminga,Warriors,770.0,213.0,103.0,1214.0,609.0,240.0,163.0,78.0,56,13.75,3.8035714285714284,1.8392857142857142,21.678571428571427,1.3928571428571428,21.073214285714286,142.0
Brandin Podziemski,Warriors,754.0,348.0,228.0,1897.0,672.0,107.0,332.0,83.0,72,10.472222222222221,4.833333333333333,3.1666666666666665,26.34722222222222,1.1527777777777777,21.022222222222222,143.0
Nick Richards,Suns,309.0,278.0,20.0,710.0,207.0,69.0,1.0,40.0,32,9.65625,8.6875,0.625,22.1875,1.25,21.018749999999997,144.0
Gradey Dick,Raptors,777.0,193.0,98.0,1591.0,647.0,155.0,326.0,83.0,55,14.127272727272727,3.5090909090909093,1.7818181818181817,28.927272727272726,1.509090909090909,21.010909090909088,145.0
Klay Thompson,Mavericks,962.0,235.0,137.0,1835.0,820.0,74.0,512.0,85.0,69,13.942028985507246,3.4057971014492754,1.9855072463768115,26.594202898550726,1.2318840579710144,21.007246376811594,146.0
Cam Thomas,Nets,599.0,83.0,94.0,783.0,454.0,151.0,195.0,62.0,40,14.975,2.075,2.35,19.575,1.55,20.990000000000002,147.0
Ben Simmons,Nets,204.0,172.0,229.0,826.0,170.0,26.0,0.0,88.0,36,5.666666666666667,4.777777777777778,6.361111111111111,22.944444444444443,2.4444444444444446,20.941666666666666,148.0
Moritz Wagner,Magic,386.0,148.0,42.0,564.0,249.0,110.0,75.0,49.0,30,12.866666666666667,4.933333333333334,1.4,18.8,1.6333333333333333,20.88666666666667,149.0
Wendell Carter Jr.,Magic,640.0,517.0,134.0,1790.0,494.0,180.0,156.0,80.0,70,9.142857142857142,7.385714285714286,1.9142857142857144,25.571428571428573,1.1428571428571428,20.877142857142854,150.0
Brook Lopez,Bucks,981.0,386.0,133.0,2430.0,741.0,128.0,368.0,81.0,79,12.417721518987342,4.886075949367089,1.6835443037974684,30.759493670886076,1.0253164556962024,20.80632911392405,151.0
Donte DiVincenzo,Timberwolves,785.0,252.0,254.0,1836.0,660.0,74.0,485.0,115.0,71,11.056338028169014,3.5492957746478875,3.5774647887323945,25.859154929577464,1.619718309859155,20.68169014084507,152.0
Keldon Johnson,Spurs,892.0,340.0,112.0,1687.0,697.0,178.0,246.0,68.0,71,12.56338028169014,4.788732394366197,1.5774647887323943,23.760563380281692,0.9577464788732394,20.676056338028168,153.0
Elfrid Payton,Pelicans,54.0,42.0,82.0,236.0,63.0,6.0,3.0,30.0,11,4.909090909090909,3.8181818181818183,7.454545454545454,21.454545454545453,2.727272727272727,20.672727272727272,154.0
Colin Castleton,76ers,20.0,14.0,3.0,38.0,10.0,7.0,0.0,1.0,2,10.0,7.0,1.5,19.0,0.5,20.65,155.0
Max Strus,Cavaliers,550.0,249.0,177.0,1400.0,436.0,38.0,340.0,53.0,54,10.185185185185185,4.611111111111111,3.2777777777777777,25.925925925925927,0.9814814814814815,20.635185185185186,156.0
Scoot Henderson,Trail Blazers,810.0,192.0,323.0,1707.0,663.0,197.0,282.0,172.0,74,10.945945945945946,2.5945945945945947,4.364864864864865,23.06756756756757,2.324324324324324,20.606756756756756,157.0
Tre Mann,Hornets,183.0,38.0,39.0,319.0,161.0,21.0,60.0,25.0,14,13.071428571428571,2.7142857142857144,2.7857142857142856,22.785714285714285,1.7857142857142858,20.50714285714286,158.0
Toumani Camara,Trail Blazers,799.0,416.0,159.0,2364.0,649.0,120.0,319.0,104.0,75,10.653333333333334,5.546666666666667,2.12,31.52,1.3866666666666667,20.489333333333335,159.0
Jonas Valanciunas,Kings,233.0,191.0,47.0,460.0,172.0,52.0,8.0,26.0,26,8.961538461538462,7.346153846153846,1.8076923076923077,17.692307692307693,1.0,20.488461538461536,160.0
Davion Mitchell,Heat,295.0,68.0,145.0,890.0,216.0,45.0,85.0,51.0,29,10.172413793103448,2.3448275862068964,5.0,30.689655172413794,1.7586206896551724,20.486206896551725,161.0
Max Christie,Mavericks,279.0,108.0,69.0,760.0,233.0,47.0,120.0,34.0,25,11.16,4.32,2.76,30.4,1.36,20.484,162.0
Rui Hachimura,Lakers,784.0,301.0,82.0,1893.0,589.0,106.0,253.0,52.0,62,12.64516129032258,4.854838709677419,1.3225806451612903,30.532258064516128,0.8387096774193549,20.454838709677418,163.0
Clint Capela,Hawks,488.0,469.0,62.0,1182.0,390.0,97.0,1.0,47.0,56,8.714285714285714,8.375,1.1071428571428572,21.107142857142858,0.8392857142857143,20.424999999999997,164.0
Kevin Huerter,Bulls,295.0,77.0,67.0,689.0,253.0,22.0,160.0,27.0,24,12.291666666666666,3.2083333333333335,2.7916666666666665,28.708333333333332,1.125,20.329166666666666,165.0
Scotty Pippen Jr.,Grizzlies,792.0,270.0,339.0,1714.0,614.0,179.0,236.0,142.0,80,9.9,3.375,4.2375,21.425,1.775,20.30625,166.0
Bub Carrington,Wizards,697.0,295.0,314.0,2214.0,659.0,75.0,358.0,124.0,75,9.293333333333333,3.933333333333333,4.1866666666666665,29.52,1.6533333333333333,20.29333333333333,167.0
Zach Edey,Grizzlies,609.0,544.0,65.0,1440.0,433.0,131.0,48.0,93.0,67,9.08955223880597,8.119402985074627,0.9701492537313433,21.492537313432837,1.3880597014925373,20.288059701492536,168.0
Ty Jerome,Cavaliers,922.0,188.0,257.0,1515.0,673.0,161.0,274.0,101.0,76,12.131578947368421,2.473684210526316,3.3815789473684212,19.93421052631579,1.3289473684210527,20.17236842105263,169.0
Dillon Brooks,Rockets,1055.0,285.0,131.0,2432.0,891.0,139.0,457.0,80.0,79,13.354430379746836,3.607594936708861,1.6582278481012658,30.78481012658228,1.0126582278481013,20.17088607594937,170.0
Colin Castleton,Raptors,60.0,64.0,16.0,216.0,45.0,17.0,4.0,17.0,8,7.5,8.0,2.0,27.0,2.125,20.1,171.0
Malcolm Brogdon,Wizards,305.0,91.0,98.0,565.0,240.0,92.0,56.0,38.0,28,10.892857142857142,3.25,3.5,20.178571428571427,1.3571428571428572,20.042857142857144,172.0
Kevin Porter Jr.,Bucks,309.0,97.0,103.0,579.0,222.0,79.0,63.0,49.0,29,10.655172413793103,3.3448275862068964,3.5517241379310347,19.96551724137931,1.6896551724137931,19.99655172413793,173.0
Marcus Bagley,76ers,37.0,29.0,5.0,98.0,33.0,4.0,14.0,4.0,4,9.25,7.25,1.25,24.5,1.0,19.825,174.0
D'Angelo Russell,Nets,345.0,70.0,145.0,629.0,296.0,87.0,171.0,50.0,33,10.454545454545455,2.121212121212121,4.393939393939394,19.060606060606062,1.5151515151515151,19.59090909090909,175.0
Dennis Schroder,Pistons,277.0,62.0,118.0,607.0,212.0,75.0,94.0,31.0,27,10.25925925925926,2.2962962962962963,4.37037037037037,22.48148148148148,1.1481481481481481,19.57037037037037,176.0
Daniel Gafford,Mavericks,648.0,361.0,75.0,1160.0,370.0,183.0,0.0,63.0,61,10.62295081967213,5.918032786885246,1.2295081967213115,19.016393442622952,1.0327868852459017,19.568852459016394,177.0
Andrew Nembhard,Pacers,888.0,264.0,407.0,2449.0,707.0,178.0,242.0,146.0,93,9.548387096774194,2.838709677419355,4.376344086021505,26.333333333333332,1.5698924731182795,19.519354838709678,178.0
Zach Collins,Bulls,222.0,171.0,53.0,497.0,154.0,39.0,54.0,36.0,26,8.538461538461538,6.576923076923077,2.0384615384615383,19.115384615384617,1.3846153846153846,19.488461538461536,179.0
Dereck Lively II,Mavericks,307.0,263.0,88.0,802.0,189.0,71.0,0.0,40.0,39,7.871794871794871,6.743589743589744,2.2564102564102564,20.564102564102566,1.0256410256410255,19.348717948717947,180.0
Deandre Ayton,Trail Blazers,576.0,406.0,64.0,1210.0,468.0,60.0,32.0,69.0,60,9.6,6.766666666666667,1.0666666666666667,20.166666666666668,1.15,19.32,181.0
Spencer Dinwiddie,Mavericks,779.0,181.0,288.0,1880.0,604.0,215.0,289.0,86.0,74,10.527027027027026,2.445945945945946,3.891891891891892,25.405405405405407,1.162162162162162,19.3,182.0
Bogdan Bogdanovic,Clippers,297.0,85.0,80.0,638.0,237.0,31.0,124.0,42.0,27,11.0,3.1481481481481484,2.962962962962963,23.62962962962963,1.5555555555555556,19.22222222222222,183.0
Yves Missi,Pelicans,610.0,548.0,89.0,1827.0,456.0,183.0,1.0,80.0,73,8.356164383561644,7.506849315068493,1.2191780821917808,25.027397260273972,1.095890410958904,19.193150684931506,184.0
Dennis Schroder,Warriors,254.0,56.0,105.0,631.0,251.0,39.0,115.0,48.0,25,10.16,2.24,4.2,25.24,1.92,19.148000000000003,185.0
Caris LeVert,Cavaliers,388.0,107.0,140.0,903.0,298.0,83.0,148.0,51.0,38,10.210526315789474,2.8157894736842106,3.6842105263157894,23.763157894736842,1.3421052631578947,19.11578947368421,186.0
Harrison Barnes,Spurs,905.0,285.0,123.0,2038.0,611.0,175.0,312.0,45.0,75,12.066666666666666,3.8,1.64,27.173333333333332,0.6,19.086666666666666,187.0
De'Andre Hunter,Cavaliers,370.0,109.0,35.0,691.0,251.0,91.0,130.0,23.0,29,12.758620689655173,3.7586206896551726,1.206896551724138,23.82758620689655,0.7931034482758621,19.079310344827586,188.0
Nick Richards,Hornets,187.0,158.0,28.0,442.0,114.0,87.0,1.0,33.0,22,8.5,7.181818181818182,1.2727272727272727,20.09090909090909,1.5,19.027272727272727,189.0
Jrue Holiday,Celtics,719.0,283.0,256.0,2045.0,599.0,82.0,315.0,92.0,76,9.460526315789474,3.723684210526316,3.3684210526315788,26.907894736842106,1.2105263157894737,18.98157894736842,190.0
T.J. McConnell,Pacers,881.0,249.0,415.0,1695.0,746.0,104.0,65.0,147.0,95,9.273684210526316,2.6210526315789475,4.368421052631579,17.842105263157894,1.5473684210526315,18.97157894736842,191.0
Khris Middleton,Wizards,141.0,50.0,43.0,290.0,119.0,33.0,45.0,18.0,14,10.071428571428571,3.5714285714285716,3.0714285714285716,20.714285714285715,1.2857142857142858,18.964285714285715,192.0
Ausar Thompson,Pistons,563.0,283.0,120.0,1249.0,422.0,147.0,42.0,81.0,58,9.706896551724139,4.879310344827586,2.0689655172413794,21.53448275862069,1.396551724137931,18.665517241379312,193.0
Kelly Olynyk,Pelicans,146.0,82.0,48.0,357.0,104.0,40.0,26.0,24.0,17,8.588235294117647,4.823529411764706,2.823529411764706,21.0,1.411764705882353,18.61176470588235,194.0
Guerschon Yabusele,76ers,683.0,363.0,133.0,1737.0,501.0,121.0,245.0,82.0,71,9.619718309859154,5.112676056338028,1.8732394366197183,24.464788732394368,1.1549295774647887,18.564788732394366,195.0
Grayson Allen,Suns,633.0,182.0,127.0,1421.0,450.0,108.0,328.0,63.0,57,11.105263157894736,3.192982456140351,2.2280701754385963,24.92982456140351,1.105263157894737,18.27894736842105,196.0
Georges Niang,Hawks,275.0,76.0,36.0,543.0,227.0,27.0,143.0,26.0,23,11.956521739130435,3.3043478260869565,1.565217391304348,23.608695652173914,1.1304347826086956,18.269565217391307,197.0
Royce O'Neale,Suns,622.0,329.0,150.0,1704.0,518.0,26.0,393.0,61.0,68,9.147058823529411,4.838235294117647,2.2058823529411766,25.058823529411764,0.8970588235294118,18.261764705882353,198.0
Day'Ron Sharpe,Nets,387.0,323.0,87.0,882.0,309.0,74.0,43.0,62.0,50,7.74,6.46,1.74,17.64,1.24,18.102,199.0
Jared Butler,76ers,203.0,52.0,100.0,456.0,173.0,35.0,81.0,35.0,23,8.826086956521738,2.260869565217391,4.3478260869565215,19.82608695652174,1.5217391304347827,18.06086956521739,200.0
Kevin Porter Jr.,Clippers,419.0,160.0,144.0,883.0,407.0,76.0,106.0,84.0,46,9.108695652173912,3.4782608695652173,3.130434782608696,19.195652173913043,1.826086956521739,17.978260869565215,201.0
Andrew Wiggins,Heat,323.0,80.0,53.0,611.0,270.0,79.0,111.0,47.0,28,11.535714285714286,2.857142857142857,1.8928571428571428,21.821428571428573,1.6785714285714286,17.80357142857143,202.0
Buddy Hield,Warriors,999.0,285.0,148.0,2061.0,858.0,75.0,590.0,100.0,88,11.352272727272727,3.2386363636363638,1.6818181818181819,23.420454545454547,1.1363636363636365,17.761363636363637,203.0
Jimmy Butler III,Heat,426.0,131.0,120.0,765.0,263.0,161.0,36.0,30.0,43,9.906976744186046,3.046511627906977,2.7906976744186047,17.790697674418606,0.6976744186046512,17.748837209302327,204.0
Keon Johnson,Nets,754.0,274.0,151.0,1739.0,706.0,124.0,365.0,97.0,74,10.18918918918919,3.7027027027027026,2.0405405405405403,23.5,1.3108108108108107,17.693243243243245,205.0
Kyle Filipowski,Jazz,567.0,358.0,125.0,1280.0,412.0,126.0,174.0,86.0,67,8.462686567164178,5.343283582089552,1.8656716417910448,19.104477611940297,1.2835820895522387,17.67313432835821,206.0
Quentin Grimes,Mavericks,480.0,179.0,101.0,1072.0,365.0,81.0,201.0,61.0,48,10.0,3.7291666666666665,2.1041666666666665,22.333333333333332,1.2708333333333333,17.63125,207.0
Damion Baugh,Hornets,96.0,38.0,46.0,306.0,107.0,13.0,48.0,21.0,12,8.0,3.1666666666666665,3.8333333333333335,25.5,1.75,17.55,208.0
Stephen Curry,Team Shaq,20.0,10.0,2.0,24.0,17.0,0.0,16.0,3.0,2,10.0,5.0,1.0,12.0,1.5,17.5,209.0
Killian Hayes,Nets,54.0,18.0,31.0,163.0,43.0,12.0,21.0,9.0,7,7.714285714285714,2.5714285714285716,4.428571428571429,23.285714285714285,1.2857142857142858,17.442857142857143,210.0
Moses Brown,Mavericks,47.0,31.0,2.0,74.0,29.0,6.0,0.0,5.0,5,9.4,6.2,0.4,14.8,1.0,17.44,211.0
Obi Toppin,Pacers,969.0,381.0,150.0,1854.0,717.0,144.0,342.0,86.0,96,10.09375,3.96875,1.5625,19.3125,0.8958333333333334,17.2,212.0
Mike Conley,Timberwolves,613.0,208.0,337.0,1939.0,513.0,92.0,342.0,77.0,80,7.6625,2.6,4.2125,24.2375,0.9625,17.10125,213.0
Zaccharie Risacher,Hawks,808.0,246.0,85.0,1691.0,691.0,134.0,301.0,83.0,72,11.222222222222221,3.4166666666666665,1.1805555555555556,23.48611111111111,1.1527777777777777,17.093055555555555,214.0
Marcus Smart,Grizzlies,165.0,43.0,71.0,399.0,148.0,36.0,90.0,35.0,19,8.68421052631579,2.263157894736842,3.736842105263158,21.0,1.8421052631578947,17.00526315789474,215.0
Kyshawn George,Wizards,572.0,276.0,165.0,1760.0,532.0,89.0,345.0,95.0,68,8.411764705882353,4.0588235294117645,2.426470588235294,25.88235294117647,1.3970588235294117,16.92205882352941,216.0
Jaylen Wells,Grizzlies,783.0,248.0,124.0,1926.0,643.0,127.0,371.0,66.0,75,10.44,3.3066666666666666,1.6533333333333333,25.68,0.88,16.887999999999998,217.0
Corey Kispert,Wizards,705.0,181.0,103.0,1602.0,565.0,88.0,330.0,64.0,64,11.015625,2.828125,1.609375,25.03125,1.0,16.8234375,218.0
Nickeil Alexander-Walker,Timberwolves,834.0,269.0,230.0,2198.0,675.0,121.0,398.0,115.0,90,9.266666666666667,2.988888888888889,2.5555555555555554,24.42222222222222,1.2777777777777777,16.686666666666667,219.0
Cody Martin,Hornets,306.0,176.0,89.0,968.0,268.0,49.0,124.0,42.0,39,7.846153846153846,4.512820512820513,2.282051282051282,24.82051282051282,1.0769230769230769,16.684615384615384,220.0
Anthony Black,Magic,716.0,227.0,228.0,1828.0,591.0,203.0,183.0,135.0,80,8.95,2.8375,2.85,22.85,1.6875,16.63,221.0
Brandon Boston,Pelicans,448.0,134.0,92.0,994.0,381.0,85.0,140.0,52.0,45,9.955555555555556,2.977777777777778,2.0444444444444443,22.08888888888889,1.1555555555555554,16.595555555555556,222.0
Luke Kennard,Grizzlies,581.0,185.0,215.0,1484.0,432.0,56.0,261.0,77.0,68,8.544117647058824,2.7205882352941178,3.161764705882353,21.823529411764707,1.1323529411764706,16.551470588235293,223.0
Ochai Agbaji,Raptors,606.0,215.0,86.0,1577.0,473.0,46.0,225.0,48.0,60,10.1,3.5833333333333335,1.4333333333333333,26.283333333333335,0.8,16.549999999999997,224.0
Jose Alvarado,Pelicans,480.0,112.0,218.0,1164.0,420.0,57.0,266.0,59.0,57,8.421052631578947,1.9649122807017543,3.824561403508772,20.42105263157895,1.0350877192982457,16.515789473684208,225.0
Jayson Tatum,Team Shaq,21.0,5.0,4.0,21.0,11.0,0.0,5.0,1.0,2,10.5,2.5,2.0,10.5,0.5,16.5,226.0
Cole Swider,Raptors,21.0,10.0,0.0,45.0,15.0,0.0,14.0,3.0,2,10.5,5.0,0.0,22.5,1.5,16.5,226.0
Tosan Evbuomwan,Nets,230.0,99.0,41.0,572.0,190.0,67.0,65.0,37.0,25,9.2,3.96,1.64,22.88,1.48,16.412,227.0
Luguentz Dort,Thunder,855.0,368.0,129.0,2627.0,723.0,70.0,529.0,67.0,91,9.395604395604396,4.043956043956044,1.4175824175824177,28.86813186813187,0.7362637362637363,16.374725274725275,228.0
Goga Bitadze,Magic,488.0,440.0,130.0,1356.0,320.0,129.0,25.0,69.0,74,6.594594594594595,5.945945945945946,1.7567567567567568,18.324324324324323,0.9324324324324325,16.364864864864863,229.0
Aaron Wiggins,Thunder,974.0,330.0,143.0,1940.0,791.0,94.0,386.0,80.0,97,10.041237113402062,3.402061855670103,1.4742268041237114,20.0,0.8247422680412371,16.335051546391753,230.0
Patrick Williams,Bulls,523.0,222.0,115.0,1488.0,477.0,82.0,248.0,76.0,59,8.864406779661017,3.76271186440678,1.9491525423728813,25.220338983050848,1.2881355932203389,16.303389830508475,231.0
Al Horford,Celtics,563.0,408.0,138.0,1889.0,488.0,39.0,320.0,51.0,78,7.217948717948718,5.230769230769231,1.7692307692307692,24.21794871794872,0.6538461538461539,16.148717948717948,232.0
Jusuf Nurkic,Hornets,144.0,110.0,42.0,288.0,110.0,33.0,33.0,25.0,21,6.857142857142857,5.238095238095238,2.0,13.714285714285714,1.1904761904761905,16.142857142857142,233.0
Julian Champagnie,Spurs,723.0,282.0,98.0,1737.0,599.0,79.0,433.0,65.0,75,9.64,3.76,1.3066666666666666,23.16,0.8666666666666667,16.112000000000002,234.0
Gary Trent Jr.,Bucks,840.0,167.0,88.0,1888.0,656.0,86.0,433.0,43.0,73,11.506849315068493,2.287671232876712,1.2054794520547945,25.863013698630137,0.589041095890411,16.060273972602737,235.0
Tari Eason,Rockets,667.0,348.0,78.0,1402.0,538.0,103.0,185.0,66.0,75,8.893333333333333,4.64,1.04,18.69333333333333,0.88,16.02133333333333,236.0
De'Anthony Melton,Warriors,62.0,20.0,17.0,121.0,54.0,8.0,35.0,10.0,7,8.857142857142858,2.857142857142857,2.4285714285714284,17.285714285714285,1.4285714285714286,15.928571428571429,237.0
Duncan Robinson,Heat,809.0,163.0,169.0,1765.0,646.0,57.0,475.0,88.0,79,10.240506329113924,2.0632911392405062,2.1392405063291138,22.341772151898734,1.1139240506329113,15.925316455696201,238.0
Justin Champagnie,Wizards,464.0,303.0,50.0,1137.0,351.0,63.0,164.0,48.0,57,8.140350877192983,5.315789473684211,0.8771929824561403,19.94736842105263,0.8421052631578947,15.835087719298246,239.0
Jake LaRavia,Grizzlies,343.0,205.0,133.0,982.0,241.0,96.0,90.0,69.0,50,6.86,4.1,2.66,19.64,1.38,15.77,240.0
Lester Quinones,Pelicans,29.0,4.0,9.0,74.0,25.0,3.0,16.0,5.0,3,9.666666666666666,1.3333333333333333,3.0,24.666666666666668,1.6666666666666667,15.766666666666666,241.0
Lonnie Walker IV,76ers,147.0,47.0,31.0,322.0,135.0,16.0,82.0,18.0,16,9.1875,2.9375,1.9375,20.125,1.125,15.61875,242.0
David Roddy,Rockets,9.0,3.0,2.0,24.0,8.0,2.0,6.0,1.0,1,9.0,3.0,2.0,24.0,1.0,15.6,243.0
Jalen Wilson,Nets,673.0,245.0,132.0,1868.0,564.0,143.0,330.0,75.0,75,8.973333333333333,3.2666666666666666,1.76,24.906666666666666,1.0,15.533333333333333,244.0
Brandon Clarke,Grizzlies,534.0,326.0,66.0,1209.0,380.0,87.0,17.0,41.0,66,8.090909090909092,4.9393939393939394,1.0,18.318181818181817,0.6212121212121212,15.51818181818182,245.0
Kel'el Ware,Heat,536.0,435.0,59.0,1307.0,420.0,59.0,112.0,52.0,74,7.243243243243243,5.878378378378378,0.7972972972972973,17.66216216216216,0.7027027027027027,15.493243243243242,246.0
Ziaire Williams,Nets,587.0,273.0,81.0,1437.0,479.0,114.0,275.0,63.0,67,8.761194029850746,4.074626865671642,1.208955223880597,21.44776119402985,0.9402985074626866,15.464179104477612,247.0
Jabari Smith Jr.,Rockets,677.0,369.0,57.0,1694.0,539.0,127.0,270.0,66.0,78,8.679487179487179,4.730769230769231,0.7307692307692307,21.71794871794872,0.8461538461538461,15.452564102564104,248.0
Orlando Robinson,Raptors,208.0,147.0,52.0,525.0,177.0,51.0,33.0,35.0,30,6.933333333333334,4.9,1.7333333333333334,17.5,1.1666666666666667,15.413333333333332,249.0
Terance Mann,Hawks,210.0,69.0,51.0,540.0,162.0,32.0,71.0,19.0,24,8.75,2.875,2.125,22.5,0.7916666666666666,15.3875,250.0
Lonzo Ball,Bulls,267.0,118.0,115.0,775.0,243.0,27.0,195.0,41.0,38,7.026315789473684,3.1052631578947367,3.026315789473684,20.394736842105264,1.0789473684210527,15.292105263157893,251.0
Caleb Martin,76ers,281.0,136.0,69.0,943.0,232.0,74.0,87.0,43.0,36,7.805555555555555,3.7777777777777777,1.9166666666666667,26.194444444444443,1.1944444444444444,15.213888888888889,252.0
Tim Hardaway Jr.,Pistons,784.0,179.0,114.0,2107.0,663.0,131.0,453.0,55.0,77,10.181818181818182,2.324675324675325,1.4805194805194806,27.363636363636363,0.7142857142857143,15.192207792207792,253.0
Derrick Jones Jr.,Clippers,756.0,240.0,53.0,1784.0,582.0,109.0,213.0,62.0,74,10.216216216216216,3.2432432432432434,0.7162162162162162,24.10810810810811,0.8378378378378378,15.182432432432433,254.0
Dorian Finney-Smith,Nets,208.0,91.0,31.0,579.0,159.0,24.0,108.0,18.0,24,8.666666666666666,3.7916666666666665,1.2916666666666667,24.125,0.75,15.154166666666665,255.0
Jusuf Nurkic,Suns,215.0,229.0,47.0,590.0,163.0,69.0,59.0,57.0,37,5.8108108108108105,6.1891891891891895,1.2702702702702702,15.945945945945946,1.5405405405405406,15.143243243243242,256.0
Georges Niang,Cavaliers,445.0,189.0,67.0,1051.0,348.0,29.0,225.0,48.0,51,8.72549019607843,3.7058823529411766,1.3137254901960784,20.607843137254903,0.9411764705882353,15.14313725490196,257.0
Cole Anthony,Magic,639.0,205.0,197.0,1256.0,553.0,116.0,217.0,111.0,79,8.08860759493671,2.5949367088607596,2.4936708860759493,15.89873417721519,1.4050632911392404,14.943037974683545,258.0
Terry Rozier,Heat,662.0,226.0,160.0,1584.0,613.0,105.0,296.0,77.0,79,8.379746835443038,2.8607594936708862,2.0253164556962027,20.050632911392405,0.9746835443037974,14.850632911392406,259.0
Taurean Prince,Bucks,612.0,276.0,151.0,2047.0,487.0,42.0,318.0,84.0,79,7.746835443037975,3.4936708860759493,1.9113924050632911,25.911392405063292,1.0632911392405062,14.80632911392405,260.0
Aaron Nesmith,Pacers,718.0,278.0,74.0,1604.0,517.0,98.0,281.0,56.0,79,9.08860759493671,3.518987341772152,0.9367088607594937,20.303797468354432,0.7088607594936709,14.716455696202532,261.0
Herbert Jones,Pelicans,205.0,78.0,65.0,649.0,172.0,40.0,72.0,35.0,27,7.592592592592593,2.888888888888889,2.4074074074074074,24.037037037037038,1.2962962962962963,14.67037037037037,262.0
Cason Wallace,Thunder,668.0,277.0,206.0,2301.0,580.0,44.0,259.0,73.0,90,7.4222222222222225,3.077777777777778,2.2888888888888888,25.566666666666666,0.8111111111111111,14.54888888888889,263.0
Bruce Brown,Raptors,151.0,68.0,28.0,352.0,131.0,29.0,36.0,19.0,19,7.947368421052632,3.5789473684210527,1.4736842105263157,18.526315789473685,1.0,14.452631578947368,264.0
Jerami Grant,Trail Blazers,677.0,163.0,101.0,1525.0,574.0,166.0,296.0,65.0,71,9.535211267605634,2.295774647887324,1.4225352112676057,21.47887323943662,0.9154929577464789,14.42394366197183,265.0
Brice Sensabaugh,Jazz,659.0,176.0,89.0,1219.0,512.0,62.0,310.0,93.0,70,9.414285714285715,2.5142857142857142,1.2714285714285714,17.414285714285715,1.3285714285714285,14.338571428571429,266.0
Nikola Jovic,Heat,532.0,196.0,137.0,1234.0,412.0,93.0,234.0,65.0,68,7.823529411764706,2.8823529411764706,2.014705882352941,18.147058823529413,0.9558823529411765,14.30441176470588,267.0
Davion Mitchell,Raptors,279.0,85.0,203.0,1079.0,244.0,37.0,117.0,78.0,48,5.8125,1.7708333333333333,4.229166666666667,22.479166666666668,1.625,14.28125,268.0
Dante Exum,Mavericks,181.0,34.0,59.0,377.0,133.0,33.0,52.0,23.0,22,8.227272727272727,1.5454545454545454,2.6818181818181817,17.136363636363637,1.0454545454545454,14.104545454545455,269.0
Kris Dunn,Clippers,431.0,241.0,196.0,1685.0,419.0,18.0,219.0,66.0,72,5.986111111111111,3.3472222222222223,2.7222222222222223,23.40277777777778,0.9166666666666666,14.08611111111111,270.0
Mason Plumlee,Suns,315.0,434.0,124.0,1232.0,192.0,119.0,3.0,55.0,73,4.315068493150685,5.945205479452055,1.6986301369863013,16.876712328767123,0.7534246575342466,13.997260273972602,271.0
Moussa Diabate,Hornets,345.0,398.0,56.0,1137.0,243.0,96.0,5.0,53.0,65,5.3076923076923075,6.123076923076923,0.8615384615384616,17.49230769230769,0.8153846153846154,13.947692307692307,272.0
Jaime Jaquez Jr.,Heat,519.0,276.0,156.0,1316.0,435.0,137.0,114.0,92.0,78,6.653846153846154,3.5384615384615383,2.0,16.871794871794872,1.1794871794871795,13.9,273.0
A.J. Lawson,Raptors,174.0,65.0,17.0,342.0,141.0,43.0,75.0,10.0,20,8.7,3.25,0.85,17.1,0.5,13.875,274.0
Bruce Brown,Pelicans,139.0,65.0,49.0,421.0,133.0,25.0,34.0,15.0,21,6.619047619047619,3.0952380952380953,2.3333333333333335,20.047619047619047,0.7142857142857143,13.833333333333332,275.0
Jordan Hawkins,Pelicans,562.0,145.0,62.0,1242.0,519.0,91.0,305.0,51.0,60,9.366666666666667,2.4166666666666665,1.0333333333333334,20.7,0.85,13.816666666666668,276.0
Jalen Hood-Schifino,76ers,54.0,18.0,23.0,186.0,57.0,10.0,29.0,6.0,8,6.75,2.25,2.875,23.25,0.75,13.7625,277.0
Jalen Smith,Bulls,488.0,332.0,60.0,922.0,378.0,84.0,212.0,36.0,71,6.873239436619718,4.676056338028169,0.8450704225352113,12.985915492957746,0.5070422535211268,13.752112676056338,278.0
Isaiah Stewart,Pistons,394.0,378.0,113.0,1329.0,288.0,82.0,47.0,60.0,74,5.324324324324325,5.108108108108108,1.527027027027027,17.95945945945946,0.8108108108108109,13.744594594594595,279.0
Matas Buzelis,Bulls,637.0,254.0,76.0,1412.0,522.0,102.0,250.0,68.0,77,8.272727272727273,3.2987012987012987,0.987012987012987,18.337662337662337,0.8831168831168831,13.711688311688313,280.0
Trey Lyles,Kings,412.0,300.0,75.0,1242.0,348.0,72.0,221.0,38.0,65,6.338461538461538,4.615384615384615,1.1538461538461537,19.107692307692307,0.5846153846153846,13.607692307692306,281.0
Trendon Watford,Nets,378.0,128.0,90.0,733.0,287.0,106.0,75.0,65.0,49,7.714285714285714,2.6122448979591835,1.836734693877551,14.959183673469388,1.3265306122448979,13.604081632653061,282.0
Amen Thompson,Team Candace,4.0,3.0,4.0,10.0,4.0,0.0,0.0,1.0,1,4.0,3.0,4.0,10.0,1.0,13.6,283.0
Moses Moody,Warriors,752.0,200.0,99.0,1692.0,599.0,139.0,352.0,51.0,84,8.952380952380953,2.380952380952381,1.1785714285714286,20.142857142857142,0.6071428571428571,13.577380952380953,284.0
Max Christie,Lakers,390.0,123.0,66.0,1153.0,288.0,87.0,163.0,39.0,47,8.297872340425531,2.617021276595745,1.4042553191489362,24.53191489361702,0.8297872340425532,13.544680851063829,285.0
Kentavious Caldwell-Pope,Magic,665.0,175.0,137.0,2335.0,561.0,95.0,343.0,61.0,80,8.3125,2.1875,1.7125,29.1875,0.7625,13.50625,286.0
Mitchell Robinson,Knicks,167.0,212.0,16.0,616.0,104.0,75.0,0.0,21.0,33,5.0606060606060606,6.424242424242424,0.48484848484848486,18.666666666666668,0.6363636363636364,13.496969696969696,287.0
Donovan Clingan,Trail Blazers,375.0,452.0,63.0,1129.0,286.0,86.0,39.0,68.0,75,5.0,6.026666666666666,0.84,15.053333333333333,0.9066666666666666,13.491999999999999,288.0
Kevin Huerter,Kings,338.0,120.0,74.0,899.0,310.0,28.0,205.0,37.0,44,7.681818181818182,2.727272727272727,1.6818181818181819,20.431818181818183,0.8409090909090909,13.477272727272727,289.0
Miles McBride,Knicks,686.0,176.0,191.0,1869.0,605.0,79.0,352.0,50.0,88,7.795454545454546,2.0,2.1704545454545454,21.238636363636363,0.5681818181818182,13.451136363636364,290.0
Isaiah Joe,Thunder,798.0,210.0,125.0,1677.0,612.0,62.0,482.0,41.0,92,8.673913043478262,2.282608695652174,1.358695652173913,18.22826086956522,0.44565217391304346,13.45108695652174,291.0
Jamal Shead,Raptors,432.0,92.0,265.0,1256.0,410.0,51.0,184.0,107.0,70,6.171428571428572,1.3142857142857143,3.7857142857142856,17.942857142857143,1.5285714285714285,13.427142857142858,292.0
Kelly Olynyk,Raptors,171.0,89.0,56.0,384.0,118.0,43.0,43.0,35.0,27,6.333333333333333,3.2962962962962963,2.074074074074074,14.222222222222221,1.2962962962962963,13.399999999999999,293.0
Dorian Finney-Smith,Lakers,315.0,153.0,60.0,1219.0,260.0,19.0,189.0,38.0,44,7.159090909090909,3.477272727272727,1.3636363636363635,27.704545454545453,0.8636363636363636,13.377272727272727,294.0
Josh Okogie,Hornets,99.0,32.0,15.0,205.0,73.0,35.0,36.0,13.0,12,8.25,2.6666666666666665,1.25,17.083333333333332,1.0833333333333333,13.325,295.0
Jaylen Nowell,Pelicans,67.0,20.0,18.0,168.0,73.0,11.0,27.0,8.0,9,7.444444444444445,2.2222222222222223,2.0,18.666666666666668,0.8888888888888888,13.11111111111111,296.0
Alex Caruso,Thunder,539.0,199.0,170.0,1508.0,441.0,75.0,244.0,53.0,79,6.822784810126582,2.518987341772152,2.151898734177215,19.088607594936708,0.6708860759493671,13.073417721518988,297.0
Keon Ellis,Kings,606.0,191.0,104.0,1759.0,419.0,82.0,288.0,65.0,76,7.973684210526316,2.513157894736842,1.368421052631579,23.144736842105264,0.8552631578947368,13.042105263157895,298.0
Jaxson Hayes,Lakers,359.0,248.0,57.0,1022.0,208.0,94.0,3.0,39.0,57,6.298245614035087,4.350877192982456,1.0,17.92982456140351,0.6842105263157895,13.019298245614035,299.0
Dalton Knecht,Lakers,664.0,209.0,66.0,1423.0,528.0,80.0,324.0,34.0,78,8.512820512820513,2.6794871794871793,0.8461538461538461,18.243589743589745,0.4358974358974359,12.997435897435896,300.0
Jonathan Mogbo,Raptors,299.0,238.0,104.0,1032.0,267.0,68.0,50.0,51.0,57,5.245614035087719,4.175438596491228,1.8245614035087718,18.105263157894736,0.8947368421052632,12.99298245614035,301.0
Amir Coffey,Clippers,681.0,157.0,76.0,1712.0,501.0,121.0,242.0,43.0,76,8.960526315789474,2.0657894736842106,1.0,22.526315789473685,0.5657894736842105,12.939473684210526,302.0
Josh Green,Hornets,471.0,167.0,103.0,1812.0,400.0,64.0,236.0,64.0,64,7.359375,2.609375,1.609375,28.3125,1.0,12.9046875,303.0
Jared Rhoden,Raptors,85.0,26.0,8.0,169.0,62.0,19.0,29.0,7.0,10,8.5,2.6,0.8,16.9,0.7,12.82,304.0
Peyton Watson,Nuggets,541.0,240.0,88.0,1661.0,433.0,139.0,140.0,62.0,75,7.213333333333333,3.2,1.1733333333333333,22.14666666666667,0.8266666666666667,12.813333333333333,305.0
Luke Kornet,Celtics,412.0,392.0,111.0,1391.0,258.0,98.0,2.0,34.0,82,5.024390243902439,4.780487804878049,1.353658536585366,16.963414634146343,0.4146341463414634,12.791463414634148,306.0
Victor Wembanyama,Team Chuck,17.0,7.0,0.0,13.0,11.0,0.0,3.0,3.0,2,8.5,3.5,0.0,6.5,1.5,12.7,307.0
Bogdan Bogdanovic,Hawks,240.0,66.0,49.0,597.0,224.0,34.0,146.0,37.0,31,7.741935483870968,2.129032258064516,1.5806451612903225,19.258064516129032,1.1935483870967742,12.667741935483871,308.0
Quinten Post,Warriors,364.0,162.0,63.0,767.0,293.0,27.0,191.0,34.0,52,7.0,3.1153846153846154,1.2115384615384615,14.75,0.6538461538461539,12.555769230769231,309.0
Nick Smith Jr.,Hornets,502.0,112.0,119.0,1188.0,494.0,36.0,266.0,71.0,65,7.723076923076923,1.7230769230769232,1.8307692307692307,18.276923076923076,1.0923076923076922,12.536923076923078,310.0
Ja'Kobe Walter,Raptors,369.0,135.0,62.0,923.0,325.0,69.0,152.0,44.0,50,7.38,2.7,1.24,18.46,0.88,12.48,311.0
Tre Jones,Spurs,123.0,58.0,104.0,449.0,93.0,33.0,26.0,21.0,28,4.392857142857143,2.0714285714285716,3.7142857142857144,16.035714285714285,0.75,12.45,312.0
AJ Green,Bucks,549.0,169.0,104.0,1649.0,429.0,26.0,370.0,38.0,73,7.52054794520548,2.315068493150685,1.4246575342465753,22.589041095890412,0.5205479452054794,12.435616438356163,313.0
Kevon Looney,Warriors,344.0,475.0,111.0,1181.0,289.0,98.0,4.0,42.0,87,3.954022988505747,5.459770114942529,1.2758620689655173,13.574712643678161,0.4827586206896552,12.419540229885058,314.0
Andre Drummond,76ers,293.0,310.0,34.0,749.0,234.0,90.0,20.0,55.0,58,5.051724137931035,5.344827586206897,0.5862068965517241,12.913793103448276,0.9482758620689655,12.344827586206895,315.0
Tyrese Martin,Nets,475.0,196.0,105.0,1192.0,422.0,54.0,255.0,65.0,71,6.690140845070423,2.76056338028169,1.4788732394366197,16.788732394366196,0.9154929577464789,12.221126760563381,316.0
Kyrie Irving,Team Shaq,11.0,6.0,4.0,15.0,9.0,0.0,1.0,3.0,2,5.5,3.0,2.0,7.5,1.5,12.1,317.0
Vit Krejci,Hawks,358.0,138.0,133.0,1036.0,266.0,39.0,188.0,46.0,60,5.966666666666667,2.3,2.216666666666667,17.266666666666666,0.7666666666666667,12.051666666666666,318.0
Vasilije Micic,Hornets,269.0,87.0,127.0,764.0,273.0,41.0,125.0,74.0,47,5.723404255319149,1.851063829787234,2.702127659574468,16.25531914893617,1.574468085106383,11.99787234042553,319.0
Bismack Biyombo,Spurs,128.0,113.0,24.0,395.0,95.0,23.0,0.0,22.0,25,5.12,4.52,0.96,15.8,0.88,11.984,320.0
Karl-Anthony Towns,Team Chuck,14.0,7.0,1.0,18.0,10.0,0.0,5.0,1.0,2,7.0,3.5,0.5,9.0,0.5,11.95,321.0
Tidjane Salaun,Hornets,276.0,222.0,60.0,994.0,275.0,74.0,166.0,49.0,53,5.2075471698113205,4.188679245283019,1.1320754716981132,18.754716981132077,0.9245283018867925,11.932075471698113,322.0
Tristan da Silva,Magic,516.0,239.0,107.0,1580.0,467.0,65.0,232.0,56.0,81,6.37037037037037,2.950617283950617,1.3209876543209877,19.506172839506174,0.691358024691358,11.892592592592592,323.0
Julian Strawther,Nuggets,616.0,144.0,83.0,1453.0,508.0,89.0,278.0,62.0,77,8.0,1.87012987012987,1.077922077922078,18.87012987012987,0.8051948051948052,11.861038961038961,324.0
Dean Wade,Cavaliers,304.0,274.0,74.0,1292.0,264.0,27.0,216.0,23.0,63,4.825396825396825,4.349206349206349,1.1746031746031746,20.50793650793651,0.36507936507936506,11.806349206349207,325.0
Vince Williams Jr.,Grizzlies,159.0,88.0,51.0,462.0,153.0,22.0,91.0,35.0,29,5.482758620689655,3.0344827586206895,1.7586206896551724,15.931034482758621,1.206896551724138,11.76206896551724,326.0
Johnny Juzang,Jazz,473.0,161.0,56.0,1070.0,390.0,47.0,263.0,29.0,64,7.390625,2.515625,0.875,16.71875,0.453125,11.721875,327.0
Sam Hauser,Celtics,554.0,214.0,60.0,1462.0,445.0,7.0,375.0,24.0,77,7.194805194805195,2.779220779220779,0.7792207792207793,18.98701298701299,0.3116883116883117,11.698701298701298,328.0
Marcus Smart,Wizards,118.0,23.0,35.0,224.0,93.0,27.0,44.0,15.0,17,6.9411764705882355,1.3529411764705883,2.0588235294117645,13.176470588235293,0.8823529411764706,11.652941176470588,329.0
Chris Boucher,Raptors,502.0,224.0,33.0,864.0,370.0,87.0,193.0,29.0,71,7.070422535211268,3.1549295774647885,0.4647887323943662,12.169014084507042,0.4084507042253521,11.553521126760563,330.0
Jaylin Williams,Thunder,290.0,271.0,129.0,852.0,235.0,38.0,164.0,42.0,70,4.142857142857143,3.8714285714285714,1.8428571428571427,12.17142857142857,0.6,11.552857142857144,331.0
Ryan Dunn,Suns,452.0,230.0,53.0,1234.0,423.0,36.0,228.0,31.0,70,6.457142857142857,3.2857142857142856,0.7571428571428571,17.62857142857143,0.44285714285714284,11.535714285714286,332.0
Jordan Goodwin,Lakers,143.0,95.0,36.0,471.0,120.0,11.0,58.0,20.0,27,5.296296296296297,3.5185185185185186,1.3333333333333333,17.444444444444443,0.7407407407407407,11.518518518518519,333.0
Shake Milton,Nets,199.0,51.0,64.0,491.0,157.0,33.0,72.0,20.0,31,6.419354838709677,1.6451612903225807,2.064516129032258,15.838709677419354,0.6451612903225806,11.49032258064516,334.0
Jake LaRavia,Kings,102.0,50.0,22.0,330.0,85.0,17.0,48.0,15.0,17,6.0,2.9411764705882355,1.2941176470588236,19.41176470588235,0.8823529411764706,11.470588235294118,335.0
Stephon Castle,Team Candace,6.0,2.0,2.0,11.0,7.0,0.0,2.0,0.0,1,6.0,2.0,2.0,11.0,0.0,11.4,336.0
Noah Clowney,Nets,409.0,170.0,36.0,996.0,359.0,76.0,252.0,42.0,59,6.932203389830509,2.8813559322033897,0.6101694915254238,16.88135593220339,0.711864406779661,11.305084745762711,337.0
Terance Mann,Clippers,223.0,107.0,59.0,732.0,195.0,32.0,75.0,25.0,39,5.717948717948718,2.7435897435897436,1.5128205128205128,18.76923076923077,0.6410256410256411,11.27948717948718,338.0
Haywood Highsmith,Heat,468.0,223.0,102.0,1711.0,372.0,36.0,227.0,54.0,79,5.924050632911392,2.8227848101265822,1.2911392405063291,21.658227848101266,0.6835443037974683,11.248101265822784,339.0
Justin Edwards,76ers,360.0,116.0,56.0,969.0,296.0,37.0,160.0,43.0,52,6.923076923076923,2.230769230769231,1.0769230769230769,18.634615384615383,0.8269230769230769,11.215384615384615,340.0
Trayce Jackson-Davis,Warriors,432.0,325.0,104.0,1030.0,311.0,112.0,2.0,44.0,88,4.909090909090909,3.6931818181818183,1.1818181818181819,11.704545454545455,0.5,11.113636363636363,341.0
Sam Merrill,Cavaliers,494.0,153.0,103.0,1393.0,416.0,32.0,362.0,33.0,75,6.586666666666667,2.04,1.3733333333333333,18.573333333333334,0.44,11.094666666666667,342.0
Dalano Banton,Trail Blazers,473.0,116.0,137.0,939.0,412.0,110.0,180.0,74.0,74,6.391891891891892,1.5675675675675675,1.8513513513513513,12.68918918918919,1.0,11.05,343.0
Marcus Garrett,Hornets,28.0,6.0,13.0,79.0,27.0,4.0,8.0,6.0,5,5.6,1.2,2.6,15.8,1.2,10.94,344.0
Gary Payton II,Warriors,457.0,200.0,94.0,1077.0,348.0,38.0,122.0,42.0,77,5.935064935064935,2.5974025974025974,1.2207792207792207,13.987012987012987,0.5454545454545454,10.883116883116884,345.0
Jarred Vanderbilt,Lakers,145.0,170.0,41.0,561.0,110.0,38.0,31.0,31.0,38,3.8157894736842106,4.473684210526316,1.0789473684210527,14.763157894736842,0.8157894736842105,10.802631578947368,346.0
Ricky Council IV,76ers,460.0,174.0,85.0,1068.0,395.0,122.0,185.0,44.0,74,6.216216216216216,2.3513513513513513,1.1486486486486487,14.432432432432432,0.5945945945945946,10.760810810810812,347.0
Drew Eubanks,Jazz,215.0,168.0,45.0,569.0,145.0,57.0,5.0,31.0,45,4.777777777777778,3.7333333333333334,1.0,12.644444444444444,0.6888888888888889,10.757777777777777,348.0
Oshae Brissett,76ers,47.0,18.0,4.0,128.0,37.0,8.0,17.0,8.0,7,6.714285714285714,2.5714285714285716,0.5714285714285714,18.285714285714285,1.1428571428571428,10.657142857142858,349.0
Shai Gilgeous-Alexander,Team Chuck,16.0,3.0,1.0,13.0,9.0,2.0,5.0,1.0,2,8.0,1.5,0.5,6.5,0.5,10.55,350.0
Jeremiah Robinson-Earl,Pelicans,338.0,266.0,67.0,1042.0,282.0,47.0,133.0,40.0,72,4.694444444444445,3.6944444444444446,0.9305555555555556,14.472222222222221,0.5555555555555556,10.523611111111112,351.0
Darius Garland,Team Kenny,6.0,0.0,3.0,6.0,4.0,0.0,3.0,0.0,1,6.0,0.0,3.0,6.0,0.0,10.5,352.0
Thomas Bryant,Pacers,405.0,226.0,51.0,932.0,298.0,59.0,135.0,34.0,72,5.625,3.138888888888889,0.7083333333333334,12.944444444444445,0.4722222222222222,10.454166666666666,353.0
Jonathan Isaac,Magic,386.0,313.0,41.0,1125.0,325.0,106.0,153.0,35.0,79,4.886075949367089,3.962025316455696,0.5189873417721519,14.240506329113924,0.4430379746835443,10.418987341772151,354.0
Ryan Dunn,Team Candace,8.0,2.0,0.0,10.0,5.0,1.0,3.0,0.0,1,8.0,2.0,0.0,10.0,0.0,10.4,355.0
Dalton Knecht,Team Candace,8.0,2.0,0.0,11.0,6.0,0.0,4.0,0.0,1,8.0,2.0,0.0,11.0,0.0,10.4,355.0
KJ Simpson,Hornets,210.0,80.0,79.0,585.0,218.0,42.0,93.0,38.0,41,5.121951219512195,1.951219512195122,1.9268292682926829,14.268292682926829,0.926829268292683,10.353658536585366,356.0
Javonte Green,Pelicans,288.0,178.0,45.0,1093.0,224.0,66.0,108.0,28.0,55,5.236363636363636,3.2363636363636363,0.8181818181818182,19.87272727272727,0.509090909090909,10.347272727272726,357.0
Precious Achiuwa,Knicks,311.0,289.0,47.0,1038.0,276.0,59.0,33.0,39.0,71,4.380281690140845,4.070422535211268,0.6619718309859155,14.619718309859154,0.5492957746478874,10.25774647887324,358.0
Steven Adams,Rockets,222.0,326.0,66.0,834.0,160.0,111.0,1.0,53.0,70,3.1714285714285713,4.6571428571428575,0.9428571428571428,11.914285714285715,0.7571428571428571,10.174285714285714,359.0
Cameron Payne,Knicks,482.0,100.0,193.0,1072.0,445.0,51.0,257.0,53.0,88,5.4772727272727275,1.1363636363636365,2.1931818181818183,12.181818181818182,0.6022727272727273,10.13068181818182,360.0
Ronald Holland II,Pistons,459.0,199.0,68.0,1155.0,376.0,111.0,142.0,70.0,79,5.810126582278481,2.518987341772152,0.8607594936708861,14.620253164556962,0.8860759493670886,10.124050632911391,361.0
Karlo Matkovic,Pelicans,238.0,161.0,34.0,641.0,174.0,37.0,48.0,37.0,48,4.958333333333333,3.3541666666666665,0.7083333333333334,13.354166666666666,0.7708333333333334,10.045833333333333,362.0
GG Jackson,Grizzlies,202.0,83.0,26.0,413.0,181.0,40.0,92.0,29.0,34,5.9411764705882355,2.4411764705882355,0.7647058823529411,12.147058823529411,0.8529411764705882,10.01764705882353,363.0
Isaac Okoro,Cavaliers,322.0,122.0,66.0,1037.0,256.0,41.0,144.0,26.0,57,5.649122807017544,2.1403508771929824,1.1578947368421053,18.19298245614035,0.45614035087719296,9.95438596491228,364.0
Simone Fontecchio,Pistons,402.0,195.0,58.0,1097.0,334.0,77.0,201.0,49.0,73,5.506849315068493,2.671232876712329,0.7945205479452054,15.027397260273972,0.6712328767123288,9.904109589041095,365.0
AJ Johnson,Wizards,115.0,27.0,40.0,347.0,112.0,17.0,52.0,17.0,21,5.476190476190476,1.2857142857142858,1.9047619047619047,16.523809523809526,0.8095238095238095,9.876190476190477,366.0
Colby Jones,Wizards,82.0,32.0,25.0,221.0,55.0,23.0,21.0,9.0,16,5.125,2.0,1.5625,13.8125,0.5625,9.86875,367.0
Kyle Anderson,Warriors,189.0,110.0,81.0,543.0,169.0,27.0,52.0,20.0,45,4.2,2.4444444444444446,1.8,12.066666666666666,0.4444444444444444,9.833333333333334,368.0
Cam Whitmore,Rockets,429.0,140.0,41.0,760.0,371.0,66.0,174.0,42.0,68,6.3088235294117645,2.0588235294117645,0.6029411764705882,11.176470588235293,0.6176470588235294,9.683823529411764,369.0
Wendell Moore Jr.,Hornets,62.0,41.0,16.0,216.0,55.0,8.0,19.0,13.0,14,4.428571428571429,2.9285714285714284,1.1428571428571428,15.428571428571429,0.9285714285714286,9.657142857142857,370.0
KJ Martin,76ers,154.0,72.0,19.0,476.0,99.0,29.0,21.0,12.0,28,5.5,2.5714285714285716,0.6785714285714286,17.0,0.42857142857142855,9.603571428571428,371.0
Kyle Lowry,76ers,138.0,67.0,96.0,661.0,117.0,33.0,88.0,21.0,38,3.6315789473684212,1.763157894736842,2.526315789473684,17.394736842105264,0.5526315789473685,9.536842105263158,372.0
JT Thor,Wizards,31.0,26.0,3.0,139.0,32.0,10.0,10.0,1.0,7,4.428571428571429,3.7142857142857144,0.42857142857142855,19.857142857142858,0.14285714285714285,9.528571428571428,373.0
Nicolas Batum,Clippers,312.0,224.0,95.0,1410.0,250.0,18.0,216.0,35.0,76,4.105263157894737,2.9473684210526314,1.25,18.55263157894737,0.4605263157894737,9.517105263157895,374.0
Kenrich Williams,Thunder,420.0,244.0,88.0,1121.0,347.0,39.0,172.0,39.0,89,4.719101123595506,2.741573033707865,0.9887640449438202,12.595505617977528,0.43820224719101125,9.492134831460675,375.0
Grant Williams,Hornets,166.0,82.0,37.0,479.0,123.0,37.0,74.0,28.0,34,4.882352941176471,2.411764705882353,1.088235294117647,14.088235294117647,0.8235294117647058,9.408823529411766,376.0
Jamison Battle,Raptors,324.0,115.0,43.0,793.0,268.0,14.0,199.0,19.0,56,5.785714285714286,2.0535714285714284,0.7678571428571429,14.160714285714286,0.3392857142857143,9.401785714285715,377.0
Jaren Jackson Jr.,Team Kenny,4.0,2.0,2.0,8.0,5.0,0.0,1.0,0.0,1,4.0,2.0,2.0,8.0,0.0,9.4,378.0
Daniel Theis,Pelicans,162.0,164.0,60.0,622.0,129.0,37.0,37.0,25.0,48,3.375,3.4166666666666665,1.25,12.958333333333334,0.5208333333333334,9.35,379.0
Jared Butler,Wizards,220.0,41.0,82.0,363.0,176.0,45.0,41.0,29.0,42,5.238095238095238,0.9761904761904762,1.9523809523809523,8.642857142857142,0.6904761904761905,9.338095238095239,380.0
James Harden,Team Shaq,6.0,3.0,6.0,17.0,3.0,0.0,3.0,0.0,2,3.0,1.5,3.0,8.5,0.0,9.3,381.0
Tristan Vukcevic,Wizards,212.0,90.0,27.0,344.0,162.0,40.0,72.0,24.0,39,5.435897435897436,2.3076923076923075,0.6923076923076923,8.820512820512821,0.6153846153846154,9.243589743589743,382.0
Jaylen Sims,Hornets,19.0,1.0,5.0,46.0,10.0,6.0,5.0,3.0,3,6.333333333333333,0.3333333333333333,1.6666666666666667,15.333333333333334,1.0,9.233333333333334,383.0
Jaden Hardy,Mavericks,422.0,77.0,67.0,769.0,351.0,72.0,171.0,67.0,67,6.298507462686567,1.1492537313432836,1.0,11.477611940298507,1.0,9.177611940298508,384.0
Gabe Vincent,Lakers,434.0,87.0,101.0,1508.0,394.0,19.0,289.0,39.0,76,5.7105263157894735,1.144736842105263,1.3289473684210527,19.842105263157894,0.5131578947368421,9.077631578947368,385.0
Kyle Anderson,Heat,102.0,67.0,53.0,329.0,86.0,28.0,11.0,11.0,29,3.5172413793103448,2.310344827586207,1.8275862068965518,11.344827586206897,0.3793103448275862,9.03103448275862,386.0
KJ Martin,Jazz,91.0,43.0,19.0,324.0,71.0,14.0,23.0,10.0,19,4.7894736842105265,2.263157894736842,1.0,17.05263157894737,0.5263157894736842,9.005263157894737,387.0
Mo Bamba,Clippers,128.0,120.0,16.0,353.0,103.0,25.0,50.0,19.0,33,3.878787878787879,3.6363636363636362,0.48484848484848486,10.696969696969697,0.5757575757575758,8.969696969696969,388.0
Alex Reese,76ers,60.0,35.0,3.0,160.0,43.0,9.0,34.0,5.0,12,5.0,2.9166666666666665,0.25,13.333333333333334,0.4166666666666667,8.875,389.0
Jarace Walker,Pacers,434.0,224.0,105.0,1192.0,350.0,69.0,181.0,81.0,97,4.474226804123711,2.3092783505154637,1.0824742268041236,12.288659793814434,0.8350515463917526,8.869072164948452,390.0
Cody Martin,Suns,25.0,30.0,12.0,123.0,32.0,7.0,14.0,6.0,9,2.7777777777777777,3.3333333333333335,1.3333333333333333,13.666666666666666,0.6666666666666666,8.777777777777779,391.0
Keion Brooks Jr.,Pelicans,49.0,26.0,5.0,123.0,38.0,15.0,11.0,6.0,10,4.9,2.6,0.5,12.3,0.6,8.77,392.0
Taylor Hendricks,Jazz,14.0,15.0,2.0,75.0,18.0,4.0,12.0,2.0,4,3.5,3.75,0.5,18.75,0.5,8.75,393.0
Nikola Jokic,Team Chuck,4.0,5.0,5.0,16.0,4.0,2.0,2.0,3.0,2,2.0,2.5,2.5,8.0,1.5,8.75,393.0
Chuma Okeke,76ers,28.0,26.0,7.0,103.0,16.0,0.0,11.0,1.0,8,3.5,3.25,0.875,12.875,0.125,8.7125,394.0
DaQuan Jeffries,Hornets,237.0,103.0,43.0,844.0,217.0,27.0,127.0,24.0,49,4.836734693877551,2.1020408163265305,0.8775510204081632,17.224489795918366,0.4897959183673469,8.675510204081633,395.0
Ben Simmons,Clippers,40.0,49.0,44.0,232.0,42.0,7.0,0.0,7.0,19,2.1052631578947367,2.5789473684210527,2.3157894736842106,12.210526315789474,0.3684210526315789,8.673684210526314,396.0
Ben Sheppard,Pacers,391.0,206.0,86.0,1453.0,329.0,31.0,229.0,29.0,89,4.393258426966292,2.3146067415730336,0.9662921348314607,16.325842696629213,0.3258426966292135,8.620224719101122,397.0
Mo Bamba,Pelicans,10.0,25.0,2.0,61.0,9.0,2.0,4.0,1.0,5,2.0,5.0,0.4,12.2,0.2,8.6,398.0
Damian Lillard,Team Shaq,9.0,3.0,3.0,12.0,6.0,0.0,5.0,1.0,2,4.5,1.5,1.5,6.0,0.5,8.55,399.0
Eric Gordon,76ers,266.0,46.0,65.0,768.0,204.0,48.0,137.0,28.0,49,5.428571428571429,0.9387755102040817,1.3265306122448979,15.673469387755102,0.5714285714285714,8.544897959183674,400.0
Larry Nance Jr.,Hawks,203.0,103.0,38.0,463.0,155.0,13.0,76.0,16.0,45,4.511111111111111,2.2888888888888888,0.8444444444444444,10.28888888888889,0.35555555555555557,8.524444444444445,401.0
Cody Williams,Jazz,217.0,110.0,56.0,983.0,233.0,40.0,118.0,43.0,51,4.254901960784314,2.156862745098039,1.0980392156862746,19.274509803921568,0.8431372549019608,8.490196078431373,402.0
Brandon Williams,Mavericks,255.0,48.0,74.0,451.0,173.0,58.0,60.0,34.0,50,5.1,0.96,1.48,9.02,0.68,8.472,403.0
Trae Young,Team Chuck,4.0,2.0,7.0,11.0,5.0,0.0,3.0,1.0,2,2.0,1.0,3.5,5.5,0.5,8.45,404.0
Seth Curry,Hornets,396.0,96.0,49.0,933.0,304.0,32.0,164.0,28.0,70,5.6571428571428575,1.3714285714285714,0.7,13.32857142857143,0.4,8.352857142857143,405.0
David Roddy,76ers,18.0,9.0,3.0,29.0,19.0,0.0,11.0,1.0,4,4.5,2.25,0.75,7.25,0.25,8.325,406.0
Zach Collins,Spurs,167.0,101.0,52.0,427.0,132.0,35.0,46.0,23.0,44,3.7954545454545454,2.2954545454545454,1.1818181818181819,9.704545454545455,0.5227272727272727,8.322727272727272,407.0
Jeff Dowtin Jr.,76ers,215.0,54.0,67.0,518.0,186.0,30.0,55.0,10.0,46,4.673913043478261,1.173913043478261,1.4565217391304348,11.26086956521739,0.21739130434782608,8.267391304347825,408.0
Donovan Mitchell,Team Chuck,3.0,5.0,5.0,18.0,11.0,0.0,6.0,3.0,2,1.5,2.5,2.5,9.0,1.5,8.25,409.0
Micah Potter,Jazz,142.0,149.0,26.0,624.0,120.0,20.0,90.0,27.0,44,3.227272727272727,3.3863636363636362,0.5909090909090909,14.181818181818182,0.6136363636363636,8.177272727272728,410.0
Devin Carter,Kings,139.0,72.0,40.0,361.0,118.0,46.0,57.0,15.0,35,3.9714285714285715,2.057142857142857,1.1428571428571428,10.314285714285715,0.42857142857142855,8.154285714285713,411.0
Ajay Mitchell,Thunder,273.0,78.0,73.0,681.0,214.0,44.0,68.0,34.0,59,4.627118644067797,1.3220338983050848,1.2372881355932204,11.542372881355933,0.576271186440678,8.069491525423729,412.0
Isaiah Wong,Hornets,120.0,32.0,28.0,265.0,105.0,34.0,33.0,18.0,25,4.8,1.28,1.12,10.6,0.72,8.016,413.0
Jay Huff,Grizzlies,410.0,120.0,37.0,713.0,278.0,56.0,186.0,31.0,77,5.324675324675325,1.5584415584415585,0.4805194805194805,9.25974025974026,0.4025974025974026,7.915584415584416,414.0
Dalen Terry,Bulls,298.0,114.0,88.0,898.0,244.0,67.0,92.0,48.0,72,4.138888888888889,1.5833333333333333,1.2222222222222223,12.472222222222221,0.6666666666666666,7.872222222222224,415.0
Julian Phillips,Bulls,350.0,159.0,36.0,1061.0,274.0,76.0,147.0,26.0,76,4.605263157894737,2.0921052631578947,0.47368421052631576,13.960526315789474,0.34210526315789475,7.826315789473685,416.0
Maxi Kleber,Mavericks,103.0,95.0,43.0,637.0,96.0,21.0,49.0,23.0,36,2.861111111111111,2.638888888888889,1.1944444444444444,17.694444444444443,0.6388888888888888,7.819444444444445,417.0
Mouhamed Gueye,Hawks,165.0,105.0,23.0,456.0,141.0,32.0,69.0,13.0,42,3.9285714285714284,2.5,0.5476190476190477,10.857142857142858,0.30952380952380953,7.75,418.0
Lindy Waters III,Warriors,209.0,96.0,42.0,657.0,205.0,11.0,148.0,17.0,50,4.18,1.92,0.84,13.14,0.34,7.744,419.0
Jabari Walker,Trail Blazers,273.0,190.0,32.0,650.0,198.0,62.0,66.0,29.0,71,3.8450704225352115,2.676056338028169,0.4507042253521127,9.154929577464788,0.4084507042253521,7.732394366197183,420.0
Cade Cunningham,Team Kenny,5.0,1.0,1.0,5.0,3.0,0.0,1.0,1.0,1,5.0,1.0,1.0,5.0,1.0,7.7,421.0
Josh Okogie,Suns,150.0,72.0,14.0,352.0,114.0,32.0,42.0,16.0,34,4.411764705882353,2.1176470588235294,0.4117647058823529,10.352941176470589,0.47058823529411764,7.570588235294117,422.0
Talen Horton-Tucker,Bulls,340.0,95.0,75.0,669.0,269.0,80.0,117.0,38.0,75,4.533333333333333,1.2666666666666666,1.0,8.92,0.5066666666666667,7.553333333333333,423.0
Ryan Rollins,Bucks,277.0,93.0,88.0,679.0,235.0,35.0,106.0,40.0,69,4.0144927536231885,1.3478260869565217,1.2753623188405796,9.840579710144928,0.5797101449275363,7.544927536231883,424.0
Adem Bona,76ers,246.0,190.0,21.0,717.0,138.0,80.0,0.0,48.0,67,3.671641791044776,2.8358208955223883,0.31343283582089554,10.701492537313433,0.7164179104477612,7.544776119402985,425.0
Tyler Herro,Team Kenny,6.0,0.0,1.0,8.0,4.0,0.0,4.0,1.0,1,6.0,0.0,1.0,8.0,1.0,7.5,426.0
Evan Mobley,Team Kenny,6.0,0.0,1.0,8.0,4.0,0.0,1.0,0.0,1,6.0,0.0,1.0,8.0,0.0,7.5,426.0
Jalen Brunson,Team Kenny,3.0,0.0,3.0,8.0,5.0,0.0,4.0,0.0,1,3.0,0.0,3.0,8.0,0.0,7.5,426.0
Kessler Edwards,Mavericks,168.0,111.0,42.0,592.0,135.0,13.0,54.0,16.0,49,3.4285714285714284,2.2653061224489797,0.8571428571428571,12.081632653061224,0.32653061224489793,7.43265306122449,427.0
Collin Gillespie,Suns,121.0,52.0,54.0,309.0,105.0,18.0,57.0,12.0,36,3.361111111111111,1.4444444444444444,1.5,8.583333333333334,0.3333333333333333,7.344444444444444,428.0
Kris Murray,Trail Blazers,263.0,160.0,60.0,938.0,247.0,55.0,102.0,37.0,75,3.506666666666667,2.1333333333333333,0.8,12.506666666666666,0.49333333333333335,7.266666666666667,429.0
Kevin Durant,Team Shaq,4.0,5.0,3.0,17.0,9.0,0.0,3.0,0.0,2,2.0,2.5,1.5,8.5,0.0,7.25,430.0
Oso Ighodaro,Suns,209.0,195.0,61.0,875.0,156.0,41.0,2.0,35.0,74,2.824324324324324,2.635135135135135,0.8243243243243243,11.824324324324325,0.47297297297297297,7.222972972972972,431.0
Jaylen Brown,Team Shaq,12.0,2.0,0.0,13.0,9.0,0.0,2.0,0.0,2,6.0,1.0,0.0,6.5,0.0,7.2,432.0
James Wiseman,Pacers,6.0,1.0,0.0,5.0,4.0,2.0,1.0,0.0,1,6.0,1.0,0.0,5.0,0.0,7.2,432.0
Jericho Sims,Bucks,48.0,88.0,12.0,269.0,31.0,3.0,0.0,17.0,24,2.0,3.6666666666666665,0.5,11.208333333333334,0.7083333333333334,7.1499999999999995,433.0
Neemias Queta,Celtics,292.0,211.0,39.0,797.0,189.0,56.0,3.0,36.0,85,3.4352941176470586,2.4823529411764707,0.4588235294117647,9.376470588235295,0.4235294117647059,7.102352941176471,434.0
Sandro Mamukelashvili,Spurs,303.0,140.0,37.0,546.0,221.0,42.0,131.0,20.0,75,4.04,1.8666666666666667,0.49333333333333335,7.28,0.26666666666666666,7.02,435.0
Charles Bassey,Spurs,157.0,151.0,17.0,364.0,116.0,33.0,0.0,23.0,52,3.019230769230769,2.9038461538461537,0.3269230769230769,7.0,0.4423076923076923,6.994230769230768,436.0
Garrison Mathews,Hawks,341.0,83.0,58.0,789.0,245.0,77.0,208.0,29.0,76,4.4868421052631575,1.0921052631578947,0.7631578947368421,10.381578947368421,0.3815789473684211,6.942105263157895,437.0
Andre Jackson Jr.,Bucks,216.0,178.0,79.0,950.0,193.0,20.0,79.0,55.0,79,2.7341772151898733,2.2531645569620253,1.0,12.025316455696203,0.6962025316455697,6.9379746835443035,438.0
Dru Smith,Heat,87.0,36.0,23.0,268.0,61.0,12.0,30.0,17.0,24,3.625,1.5,0.9583333333333334,11.166666666666666,0.7083333333333334,6.8625,439.0
Svi Mykhailiuk,Jazz,299.0,74.0,61.0,629.0,267.0,33.0,181.0,46.0,70,4.271428571428571,1.0571428571428572,0.8714285714285714,8.985714285714286,0.6571428571428571,6.847142857142857,440.0
Richaun Holmes,Wizards,220.0,169.0,42.0,517.0,133.0,60.0,3.0,21.0,73,3.0136986301369864,2.315068493150685,0.5753424657534246,7.082191780821918,0.2876712328767123,6.654794520547945,441.0
Alec Burks,Heat,295.0,113.0,53.0,761.0,225.0,45.0,171.0,23.0,77,3.831168831168831,1.4675324675324675,0.6883116883116883,9.883116883116884,0.2987012987012987,6.624675324675325,442.0
Gui Santos,Warriors,232.0,173.0,76.0,752.0,176.0,43.0,98.0,48.0,84,2.761904761904762,2.0595238095238093,0.9047619047619048,8.952380952380953,0.5714285714285714,6.59047619047619,443.0
Keaton Wallace,Hawks,151.0,38.0,62.0,456.0,138.0,11.0,73.0,29.0,44,3.4318181818181817,0.8636363636363636,1.4090909090909092,10.363636363636363,0.6590909090909091,6.581818181818182,444.0
Marcus Sasser,Pistons,286.0,56.0,110.0,654.0,230.0,32.0,122.0,41.0,79,3.6202531645569622,0.7088607594936709,1.3924050632911393,8.278481012658228,0.5189873417721519,6.559493670886075,445.0
Tyson Etienne,Nets,21.0,6.0,3.0,69.0,20.0,6.0,19.0,7.0,5,4.2,1.2,0.6,13.8,1.4,6.540000000000001,446.0
Rob Dillingham,Timberwolves,227.0,52.0,104.0,530.0,218.0,17.0,76.0,52.0,69,3.289855072463768,0.7536231884057971,1.5072463768115942,7.681159420289855,0.7536231884057971,6.455072463768116,447.0
Jaylen Martin,Wizards,44.0,26.0,9.0,129.0,42.0,4.0,12.0,8.0,14,3.142857142857143,1.8571428571428572,0.6428571428571429,9.214285714285714,0.5714285714285714,6.335714285714286,448.0
Caleb Martin,Mavericks,38.0,25.0,18.0,152.0,39.0,10.0,8.0,6.0,15,2.533333333333333,1.6666666666666667,1.2,10.133333333333333,0.4,6.333333333333333,449.0
Marvin Bagley III,Wizards,93.0,56.0,7.0,169.0,71.0,23.0,10.0,11.0,27,3.4444444444444446,2.074074074074074,0.25925925925925924,6.2592592592592595,0.4074074074074074,6.322222222222223,450.0
Aaron Holiday,Rockets,307.0,73.0,76.0,746.0,245.0,45.0,161.0,36.0,81,3.7901234567901234,0.9012345679012346,0.9382716049382716,9.209876543209877,0.4444444444444444,6.279012345679012,451.0
Olivier-Maxence Prosper,Mavericks,201.0,126.0,40.0,582.0,174.0,76.0,51.0,14.0,66,3.0454545454545454,1.9090909090909092,0.6060606060606061,8.818181818181818,0.21212121212121213,6.245454545454545,452.0
Trey Jemison III,Lakers,54.0,52.0,5.0,194.0,40.0,10.0,0.0,8.0,20,2.7,2.6,0.25,9.7,0.4,6.195,453.0
Oscar Tshiebwe,Jazz,53.0,76.0,5.0,142.0,35.0,15.0,0.0,4.0,25,2.12,3.04,0.2,5.68,0.16,6.068,454.0
Monte Morris,Suns,213.0,60.0,68.0,536.0,179.0,40.0,78.0,19.0,65,3.276923076923077,0.9230769230769231,1.0461538461538462,8.246153846153845,0.2923076923076923,5.953846153846154,455.0
Zach Edey,Team Candace,2.0,2.0,1.0,3.0,3.0,0.0,0.0,0.0,1,2.0,2.0,1.0,3.0,0.0,5.9,456.0
Trevelin Queen,Magic,151.0,52.0,38.0,424.0,145.0,19.0,75.0,22.0,47,3.2127659574468086,1.1063829787234043,0.8085106382978723,9.02127659574468,0.46808510638297873,5.7531914893617015,457.0
Jamal Cain,Pelicans,133.0,71.0,19.0,382.0,109.0,35.0,59.0,18.0,43,3.0930232558139537,1.6511627906976745,0.4418604651162791,8.883720930232558,0.4186046511627907,5.7372093023255815,458.0
DeAndre Jordan,Nuggets,163.0,232.0,41.0,585.0,114.0,43.0,0.0,37.0,88,1.8522727272727273,2.6363636363636362,0.4659090909090909,6.6477272727272725,0.42045454545454547,5.714772727272727,459.0
Quenton Jackson,Pacers,141.0,38.0,51.0,339.0,106.0,33.0,36.0,15.0,47,3.0,0.8085106382978723,1.0851063829787233,7.212765957446808,0.3191489361702128,5.597872340425532,460.0
Maxwell Lewis,Nets,72.0,33.0,10.0,195.0,66.0,6.0,29.0,7.0,23,3.130434782608696,1.434782608695652,0.43478260869565216,8.478260869565217,0.30434782608695654,5.504347826086956,461.0
Bol Bol,Suns,229.0,102.0,20.0,428.0,175.0,26.0,88.0,18.0,70,3.2714285714285714,1.457142857142857,0.2857142857142857,6.114285714285714,0.2571428571428571,5.448571428571428,462.0
Keyonte George,Team Candace,3.0,2.0,0.0,9.0,4.0,0.0,4.0,1.0,1,3.0,2.0,0.0,9.0,1.0,5.4,463.0
Robert Williams III,Trail Blazers,116.0,118.0,21.0,351.0,78.0,17.0,3.0,17.0,54,2.1481481481481484,2.185185185185185,0.3888888888888889,6.5,0.3148148148148148,5.353703703703704,464.0
Pelle Larsson,Heat,229.0,84.0,54.0,709.0,181.0,53.0,87.0,19.0,79,2.8987341772151898,1.0632911392405062,0.6835443037974683,8.974683544303797,0.24050632911392406,5.2,465.0
Reece Beekman,Nets,83.0,35.0,55.0,431.0,99.0,15.0,37.0,19.0,40,2.075,0.875,1.375,10.775,0.475,5.1875,466.0
Reggie Jackson,76ers,136.0,42.0,45.0,386.0,133.0,9.0,74.0,17.0,49,2.7755102040816326,0.8571428571428571,0.9183673469387755,7.877551020408164,0.3469387755102041,5.181632653061224,467.0
Elfrid Payton,Hornets,6.0,13.0,20.0,122.0,21.0,0.0,0.0,7.0,10,0.6,1.3,2.0,12.2,0.7,5.16,468.0
Dwight Powell,Mavericks,100.0,107.0,49.0,480.0,55.0,37.0,2.0,15.0,59,1.694915254237288,1.8135593220338984,0.8305084745762712,8.135593220338983,0.2542372881355932,5.1169491525423725,469.0
Blake Wesley,Spurs,170.0,49.0,101.0,530.0,148.0,43.0,42.0,42.0,75,2.2666666666666666,0.6533333333333333,1.3466666666666667,7.066666666666666,0.56,5.070666666666666,470.0
Antonio Reeves,Pelicans,207.0,46.0,31.0,454.0,174.0,22.0,92.0,23.0,61,3.3934426229508197,0.7540983606557377,0.5081967213114754,7.442622950819672,0.3770491803278688,5.060655737704918,471.0
Jericho Sims,Knicks,64.0,129.0,22.0,420.0,46.0,13.0,0.0,21.0,50,1.28,2.58,0.44,8.4,0.42,5.0360000000000005,472.0
Pat Connaughton,Bucks,151.0,87.0,57.0,517.0,134.0,21.0,70.0,22.0,68,2.2205882352941178,1.2794117647058822,0.8382352941176471,7.602941176470588,0.3235294117647059,5.0132352941176475,473.0
Malachi Flynn,Hornets,16.0,7.0,7.0,44.0,13.0,6.0,4.0,4.0,7,2.2857142857142856,1.0,1.0,6.285714285714286,0.5714285714285714,4.985714285714286,474.0
Landry Shamet,Knicks,216.0,51.0,27.0,656.0,182.0,13.0,120.0,23.0,64,3.375,0.796875,0.421875,10.25,0.359375,4.9640625,475.0
Jett Howard,Magic,257.0,67.0,42.0,668.0,252.0,23.0,181.0,30.0,81,3.1728395061728394,0.8271604938271605,0.5185185185185185,8.246913580246913,0.37037037037037035,4.94320987654321,476.0
David Roddy,Hawks,122.0,70.0,30.0,345.0,93.0,22.0,43.0,20.0,51,2.392156862745098,1.3725490196078431,0.5882352941176471,6.764705882352941,0.39215686274509803,4.921568627450981,477.0
John Konchar,Grizzlies,116.0,150.0,42.0,590.0,95.0,12.0,63.0,17.0,76,1.5263157894736843,1.9736842105263157,0.5526315789473685,7.7631578947368425,0.2236842105263158,4.723684210526315,478.0
Kobe Bufkin,Hawks,53.0,21.0,17.0,123.0,47.0,18.0,19.0,8.0,22,2.409090909090909,0.9545454545454546,0.7727272727272727,5.590909090909091,0.36363636363636365,4.713636363636364,479.0
Pascal Siakam,Team Chuck,4.0,2.0,2.0,10.0,2.0,0.0,0.0,1.0,2,2.0,1.0,1.0,5.0,0.5,4.7,480.0
Jalen Pickett,Nuggets,164.0,58.0,87.0,561.0,154.0,2.0,85.0,24.0,78,2.1025641025641026,0.7435897435897436,1.1153846153846154,7.1923076923076925,0.3076923076923077,4.667948717948718,481.0
Paul Reed,Pistons,172.0,116.0,37.0,415.0,123.0,40.0,22.0,25.0,79,2.1772151898734178,1.4683544303797469,0.46835443037974683,5.253164556962025,0.31645569620253167,4.641772151898734,482.0
Christian Koloko,Lakers,86.0,84.0,16.0,324.0,62.0,12.0,3.0,12.0,46,1.8695652173913044,1.826086956521739,0.34782608695652173,7.043478260869565,0.2608695652173913,4.582608695652174,483.0
Jackson Rowe,Warriors,22.0,11.0,4.0,51.0,17.0,6.0,10.0,1.0,9,2.4444444444444446,1.2222222222222223,0.4444444444444444,5.666666666666667,0.1111111111111111,4.577777777777778,484.0
Kylor Kelley,Pelicans,5.0,6.0,1.0,21.0,6.0,2.0,0.0,0.0,3,1.6666666666666667,2.0,0.3333333333333333,7.0,0.0,4.566666666666666,485.0
Jaden Springer,Jazz,39.0,16.0,16.0,134.0,32.0,10.0,17.0,8.0,18,2.1666666666666665,0.8888888888888888,0.8888888888888888,7.444444444444445,0.4444444444444444,4.566666666666666,485.0
Cory Joseph,Magic,180.0,68.0,75.0,644.0,158.0,14.0,111.0,18.0,82,2.1951219512195124,0.8292682926829268,0.9146341463414634,7.853658536585366,0.21951219512195122,4.56219512195122,486.0
Reed Sheppard,Rockets,188.0,67.0,60.0,588.0,213.0,16.0,122.0,32.0,79,2.3797468354430378,0.8481012658227848,0.759493670886076,7.443037974683544,0.4050632911392405,4.536708860759493,487.0
Jock Landale,Rockets,163.0,119.0,28.0,425.0,130.0,37.0,19.0,19.0,78,2.08974358974359,1.5256410256410255,0.358974358974359,5.448717948717949,0.24358974358974358,4.458974358974359,488.0
Craig Porter Jr.,Cavaliers,150.0,59.0,66.0,434.0,109.0,20.0,36.0,29.0,72,2.0833333333333335,0.8194444444444444,0.9166666666666666,6.027777777777778,0.4027777777777778,4.441666666666666,489.0
Jaylon Tyson,Cavaliers,160.0,94.0,46.0,425.0,135.0,26.0,55.0,22.0,77,2.0779220779220777,1.2207792207792207,0.5974025974025974,5.51948051948052,0.2857142857142857,4.438961038961039,490.0
Cam Spencer,Grizzlies,76.0,26.0,26.0,200.0,58.0,15.0,37.0,6.0,33,2.303030303030303,0.7878787878787878,0.7878787878787878,6.0606060606060606,0.18181818181818182,4.43030303030303,491.0
Jae'Sean Tate,Rockets,167.0,109.0,40.0,533.0,135.0,45.0,38.0,19.0,81,2.0617283950617282,1.345679012345679,0.49382716049382713,6.580246913580247,0.2345679012345679,4.417283950617284,492.0
Ousmane Dieng,Thunder,156.0,85.0,34.0,438.0,135.0,18.0,78.0,18.0,70,2.2285714285714286,1.2142857142857142,0.4857142857142857,6.257142857142857,0.2571428571428571,4.414285714285715,493.0
Jaylen Wells,Team Candace,2.0,2.0,0.0,5.0,3.0,0.0,1.0,1.0,1,2.0,2.0,0.0,5.0,1.0,4.4,494.0
Shake Milton,Lakers,100.0,51.0,35.0,303.0,83.0,20.0,30.0,17.0,49,2.0408163265306123,1.0408163265306123,0.7142857142857143,6.183673469387755,0.3469387755102041,4.3612244897959185,495.0
Jaylen Clark,Timberwolves,159.0,53.0,25.0,483.0,112.0,38.0,49.0,7.0,60,2.65,0.8833333333333333,0.4166666666666667,8.05,0.11666666666666667,4.335,496.0
Duop Reath,Trail Blazers,180.0,86.0,25.0,424.0,155.0,22.0,102.0,15.0,74,2.4324324324324325,1.162162162162162,0.33783783783783783,5.72972972972973,0.20270270270270271,4.333783783783784,497.0
N'Faly Dante,Rockets,18.0,15.0,2.0,33.0,11.0,3.0,0.0,1.0,9,2.0,1.6666666666666667,0.2222222222222222,3.6666666666666665,0.1111111111111111,4.333333333333333,498.0
Dillon Jones,Thunder,133.0,113.0,57.0,515.0,129.0,26.0,66.0,29.0,82,1.6219512195121952,1.3780487804878048,0.6951219512195121,6.280487804878049,0.35365853658536583,4.318292682926829,499.0
Jordan Miller,Clippers,155.0,60.0,38.0,424.0,138.0,35.0,38.0,26.0,66,2.3484848484848486,0.9090909090909091,0.5757575757575758,6.424242424242424,0.3939393939393939,4.303030303030303,500.0
Bruno Fernando,Raptors,58.0,51.0,18.0,146.0,49.0,8.0,0.0,14.0,34,1.7058823529411764,1.5,0.5294117647058824,4.294117647058823,0.4117647058823529,4.3,501.0
Bones Hyland,Clippers,144.0,24.0,28.0,221.0,115.0,26.0,80.0,24.0,50,2.88,0.48,0.56,4.42,0.48,4.296,502.0
Gary Harris,Magic,130.0,59.0,25.0,713.0,132.0,10.0,97.0,15.0,56,2.3214285714285716,1.0535714285714286,0.44642857142857145,12.732142857142858,0.26785714285714285,4.255357142857143,503.0
Isaiah Jackson,Pacers,35.0,28.0,5.0,84.0,23.0,14.0,0.0,5.0,18,1.9444444444444444,1.5555555555555556,0.2777777777777778,4.666666666666667,0.2777777777777778,4.227777777777778,504.0
Malaki Branham,Spurs,189.0,44.0,32.0,364.0,157.0,24.0,71.0,32.0,70,2.7,0.6285714285714286,0.45714285714285713,5.2,0.45714285714285713,4.140000000000001,505.0
Caleb Houstan,Magic,205.0,66.0,30.0,717.0,174.0,15.0,150.0,12.0,81,2.5308641975308643,0.8148148148148148,0.37037037037037035,8.851851851851851,0.14814814814814814,4.064197530864197,506.0
Moses Brown,Pacers,29.0,13.0,0.0,46.0,20.0,5.0,0.0,6.0,11,2.6363636363636362,1.1818181818181819,0.0,4.181818181818182,0.5454545454545454,4.054545454545455,507.0
Kylor Kelley,Mavericks,24.0,21.0,2.0,67.0,13.0,6.0,0.0,1.0,13,1.8461538461538463,1.6153846153846154,0.15384615384615385,5.153846153846154,0.07692307692307693,4.015384615384615,508.0
Javonte Green,Cavaliers,54.0,35.0,8.0,112.0,45.0,11.0,25.0,3.0,27,2.0,1.2962962962962963,0.2962962962962963,4.148148148148148,0.1111111111111111,4.0,509.0
Lamar Stevens,Grizzlies,47.0,33.0,6.0,123.0,47.0,9.0,22.0,8.0,24,1.9583333333333333,1.375,0.25,5.125,0.3333333333333333,3.9833333333333334,510.0
Pat Spencer,Warriors,129.0,57.0,50.0,295.0,121.0,18.0,23.0,24.0,69,1.8695652173913044,0.8260869565217391,0.7246376811594203,4.27536231884058,0.34782608695652173,3.9478260869565216,511.0
Dominick Barlow,Hawks,112.0,62.0,12.0,281.0,91.0,22.0,20.0,3.0,52,2.1538461538461537,1.1923076923076923,0.23076923076923078,5.403846153846154,0.057692307692307696,3.9307692307692306,512.0
Terrence Shannon Jr.,Timberwolves,179.0,57.0,34.0,394.0,141.0,33.0,39.0,17.0,76,2.3552631578947367,0.75,0.4473684210526316,5.184210526315789,0.2236842105263158,3.926315789473684,513.0
Trey Jemison III,Pelicans,38.0,44.0,10.0,167.0,32.0,21.0,0.0,10.0,27,1.4074074074074074,1.6296296296296295,0.37037037037037035,6.185185185185185,0.37037037037037035,3.9185185185185185,514.0
Delon Wright,Bucks,65.0,46.0,48.0,404.0,82.0,16.0,49.0,14.0,50,1.3,0.92,0.96,8.08,0.28,3.844,515.0
Dariq Whitehead,Nets,72.0,18.0,8.0,149.0,56.0,3.0,43.0,12.0,28,2.5714285714285716,0.6428571428571429,0.2857142857142857,5.321428571428571,0.42857142857142855,3.7714285714285714,516.0
Drew Eubanks,Clippers,47.0,41.0,6.0,137.0,34.0,18.0,1.0,7.0,28,1.6785714285714286,1.4642857142857142,0.21428571428571427,4.892857142857143,0.25,3.757142857142857,517.0
Thomas Bryant,Heat,41.0,32.0,4.0,115.0,28.0,11.0,17.0,2.0,23,1.7826086956521738,1.391304347826087,0.17391304347826086,5.0,0.08695652173913043,3.7130434782608694,518.0
Kevin Love,Heat,122.0,94.0,22.0,251.0,115.0,23.0,67.0,14.0,73,1.6712328767123288,1.2876712328767124,0.3013698630136986,3.4383561643835616,0.1917808219178082,3.6684931506849314,519.0
Elijah Harkless,Jazz,32.0,21.0,8.0,137.0,35.0,6.0,25.0,3.0,19,1.6842105263157894,1.105263157894737,0.42105263157894735,7.2105263157894735,0.15789473684210525,3.6421052631578945,520.0
Isaac Jones,Kings,125.0,52.0,12.0,279.0,75.0,36.0,7.0,14.0,57,2.192982456140351,0.9122807017543859,0.21052631578947367,4.894736842105263,0.24561403508771928,3.6035087719298247,521.0
Cam Reddish,Lakers,105.0,66.0,22.0,589.0,94.0,26.0,47.0,12.0,61,1.721311475409836,1.0819672131147542,0.36065573770491804,9.655737704918034,0.19672131147540983,3.5606557377049177,522.0
Markelle Fultz,Kings,39.0,12.0,16.0,127.0,47.0,1.0,6.0,13.0,22,1.7727272727272727,0.5454545454545454,0.7272727272727273,5.7727272727272725,0.5909090909090909,3.518181818181818,523.0
Branden Carlson,Thunder,91.0,42.0,11.0,196.0,74.0,10.0,55.0,4.0,45,2.022222222222222,0.9333333333333333,0.24444444444444444,4.355555555555555,0.08888888888888889,3.508888888888889,524.0
Jalen Williams,Team Kenny,2.0,0.0,1.0,7.0,3.0,0.0,1.0,2.0,1,2.0,0.0,1.0,7.0,2.0,3.5,525.0
Trayce Jackson-Davis,Team Candace,2.0,0.0,1.0,6.0,1.0,0.0,0.0,2.0,1,2.0,0.0,1.0,6.0,2.0,3.5,525.0
Alex Len,Kings,52.0,64.0,30.0,255.0,41.0,13.0,6.0,11.0,50,1.04,1.28,0.6,5.1,0.22,3.476,526.0
Kevin Knox II,Warriors,61.0,21.0,9.0,103.0,52.0,13.0,21.0,5.0,29,2.103448275862069,0.7241379310344828,0.3103448275862069,3.5517241379310347,0.1724137931034483,3.4379310344827587,527.0
Taj Gibson,Hornets,96.0,104.0,17.0,343.0,82.0,16.0,2.0,22.0,72,1.3333333333333333,1.4444444444444444,0.2361111111111111,4.763888888888889,0.3055555555555556,3.420833333333333,528.0
Zeke Nnaji,Nuggets,163.0,89.0,20.0,566.0,131.0,41.0,49.0,14.0,88,1.8522727272727273,1.0113636363636365,0.22727272727272727,6.431818181818182,0.1590909090909091,3.4068181818181817,529.0
Daeqwon Plowden,Hawks,24.0,5.0,0.0,33.0,10.0,2.0,8.0,1.0,9,2.6666666666666665,0.5555555555555556,0.0,3.6666666666666665,0.1111111111111111,3.333333333333333,530.0
Torrey Craig,Bulls,62.0,25.0,5.0,112.0,45.0,4.0,35.0,0.0,30,2.066666666666667,0.8333333333333334,0.16666666666666666,3.7333333333333334,0.0,3.316666666666667,531.0
Torrey Craig,Celtics,42.0,35.0,12.0,135.0,33.0,6.0,23.0,4.0,31,1.3548387096774193,1.1290322580645162,0.3870967741935484,4.354838709677419,0.12903225806451613,3.2903225806451615,532.0
Tony Bradley,Pacers,58.0,46.0,8.0,154.0,38.0,14.0,4.0,8.0,40,1.45,1.15,0.2,3.85,0.2,3.13,533.0
Kai Jones,Clippers,61.0,46.0,10.0,208.0,36.0,12.0,2.0,10.0,43,1.4186046511627908,1.069767441860465,0.23255813953488372,4.837209302325581,0.23255813953488372,3.0511627906976746,534.0
Jevon Carter,Bulls,131.0,33.0,35.0,281.0,123.0,10.0,87.0,11.0,75,1.7466666666666666,0.44,0.4666666666666667,3.7466666666666666,0.14666666666666667,2.974666666666667,535.0
Johnny Davis,Wizards,80.0,38.0,11.0,240.0,78.0,15.0,29.0,7.0,48,1.6666666666666667,0.7916666666666666,0.22916666666666666,5.0,0.14583333333333334,2.9604166666666667,536.0
Hunter Tyson,Nuggets,126.0,79.0,20.0,389.0,106.0,29.0,67.0,15.0,85,1.4823529411764707,0.9294117647058824,0.23529411764705882,4.576470588235294,0.17647058823529413,2.9505882352941177,537.0
Wendell Moore Jr.,Pistons,63.0,44.0,23.0,221.0,50.0,14.0,14.0,9.0,51,1.2352941176470589,0.8627450980392157,0.45098039215686275,4.333333333333333,0.17647058823529413,2.947058823529412,538.0
Drew Peterson,Celtics,44.0,32.0,13.0,152.0,30.0,7.0,24.0,6.0,35,1.2571428571428571,0.9142857142857143,0.37142857142857144,4.3428571428571425,0.17142857142857143,2.911428571428571,539.0
Rayan Rupert,Trail Blazers,111.0,49.0,22.0,363.0,103.0,22.0,42.0,24.0,70,1.5857142857142856,0.7,0.3142857142857143,5.185714285714286,0.34285714285714286,2.8971428571428572,540.0
Nae'Qwan Tomlin,Cavaliers,10.0,6.0,0.0,14.0,8.0,3.0,2.0,1.0,6,1.6666666666666667,1.0,0.0,2.3333333333333335,0.16666666666666666,2.8666666666666667,541.0
Anthony Gill,Wizards,115.0,56.0,15.0,344.0,72.0,48.0,26.0,10.0,72,1.5972222222222223,0.7777777777777778,0.20833333333333334,4.777777777777778,0.1388888888888889,2.843055555555556,542.0
Patty Mills,Jazz,74.0,21.0,21.0,260.0,76.0,5.0,57.0,16.0,46,1.608695652173913,0.45652173913043476,0.45652173913043476,5.6521739130434785,0.34782608695652173,2.841304347826087,543.0
Jeff Green,Rockets,142.0,50.0,18.0,355.0,104.0,24.0,65.0,8.0,81,1.7530864197530864,0.6172839506172839,0.2222222222222222,4.382716049382716,0.09876543209876543,2.8271604938271606,544.0
Kobe Brown,Clippers,84.0,57.0,24.0,243.0,71.0,6.0,22.0,8.0,67,1.2537313432835822,0.8507462686567164,0.3582089552238806,3.626865671641791,0.11940298507462686,2.811940298507462,545.0
Tristan Thompson,Cavaliers,58.0,114.0,23.0,289.0,61.0,25.0,3.0,13.0,83,0.6987951807228916,1.3734939759036144,0.27710843373493976,3.4819277108433737,0.1566265060240964,2.7626506024096384,546.0
Luka Garza,Timberwolves,142.0,56.0,10.0,233.0,108.0,31.0,37.0,12.0,82,1.7317073170731707,0.6829268292682927,0.12195121951219512,2.841463414634146,0.14634146341463414,2.734146341463415,547.0
Terence Davis,Kings,3.0,2.0,0.0,2.0,2.0,0.0,1.0,0.0,2,1.5,1.0,0.0,1.0,0.0,2.7,548.0
Sidy Cissoko,Trail Blazers,3.0,9.0,5.0,31.0,5.0,2.0,2.0,7.0,8,0.375,1.125,0.625,3.875,0.875,2.6624999999999996,549.0
Alperen Sengun,Team Chuck,4.0,1.0,0.0,4.0,2.0,0.0,0.0,1.0,2,2.0,0.5,0.0,2.0,0.5,2.6,550.0
TyTy Washington Jr.,Suns,31.0,12.0,15.0,104.0,39.0,4.0,20.0,3.0,27,1.1481481481481481,0.4444444444444444,0.5555555555555556,3.8518518518518516,0.1111111111111111,2.514814814814815,551.0
AJ Johnson,Bucks,20.0,8.0,7.0,45.0,21.0,2.0,5.0,4.0,16,1.25,0.5,0.4375,2.8125,0.25,2.50625,552.0
Baylor Scheierman,Celtics,76.0,41.0,20.0,245.0,72.0,8.0,53.0,8.0,62,1.2258064516129032,0.6612903225806451,0.3225806451612903,3.9516129032258065,0.12903225806451613,2.503225806451613,553.0
Jordan McLaughlin,Kings,53.0,21.0,24.0,190.0,44.0,16.0,26.0,11.0,47,1.127659574468085,0.44680851063829785,0.5106382978723404,4.042553191489362,0.23404255319148937,2.4297872340425535,554.0
Alex Len,Lakers,18.0,33.0,7.0,112.0,19.0,4.0,2.0,6.0,29,0.6206896551724138,1.1379310344827587,0.2413793103448276,3.8620689655172415,0.20689655172413793,2.3482758620689657,555.0
David Duke Jr.,Spurs,16.0,5.0,4.0,33.0,14.0,2.0,6.0,2.0,12,1.3333333333333333,0.4166666666666667,0.3333333333333333,2.75,0.16666666666666666,2.333333333333333,556.0
MarJon Beauchamp,Clippers,12.0,3.0,2.0,18.0,7.0,4.0,3.0,1.0,8,1.5,0.375,0.25,2.25,0.125,2.325,557.0
Adam Flagler,Thunder,61.0,25.0,12.0,170.0,86.0,2.0,66.0,4.0,47,1.297872340425532,0.5319148936170213,0.2553191489361702,3.617021276595745,0.0851063829787234,2.3191489361702127,558.0
Jordan McLaughlin,Spurs,27.0,7.0,19.0,67.0,17.0,4.0,12.0,4.0,28,0.9642857142857143,0.25,0.6785714285714286,2.392857142857143,0.14285714285714285,2.282142857142857,559.0
MarJon Beauchamp,Bucks,52.0,32.0,8.0,126.0,47.0,12.0,21.0,13.0,45,1.1555555555555554,0.7111111111111111,0.17777777777777778,2.8,0.28888888888888886,2.2755555555555556,560.0
Josh Minott,Timberwolves,114.0,47.0,19.0,293.0,94.0,19.0,47.0,12.0,89,1.2808988764044944,0.5280898876404494,0.21348314606741572,3.292134831460674,0.1348314606741573,2.2348314606741573,561.0
Patrick Baldwin Jr.,Wizards,47.0,22.0,2.0,101.0,33.0,4.0,21.0,5.0,35,1.3428571428571427,0.6285714285714286,0.05714285714285714,2.8857142857142857,0.14285714285714285,2.182857142857143,562.0
Adama Sanogo,Bulls,8.0,6.0,1.0,22.0,7.0,0.0,0.0,1.0,8,1.0,0.75,0.125,2.75,0.125,2.0875,563.0
RayJ Dennis,Pacers,17.0,7.0,8.0,40.0,19.0,2.0,12.0,5.0,18,0.9444444444444444,0.3888888888888889,0.4444444444444444,2.2222222222222223,0.2777777777777778,2.0777777777777775,564.0
Orlando Robinson,Kings,19.0,14.0,9.0,58.0,17.0,7.0,5.0,4.0,24,0.7916666666666666,0.5833333333333334,0.375,2.4166666666666665,0.16666666666666666,2.0541666666666667,565.0
Marvin Bagley III,Grizzlies,33.0,17.0,0.0,81.0,23.0,6.0,7.0,3.0,26,1.2692307692307692,0.6538461538461539,0.0,3.1153846153846154,0.11538461538461539,2.0538461538461537,566.0
Markieff Morris,Lakers,33.0,11.0,11.0,91.0,38.0,6.0,20.0,1.0,31,1.064516129032258,0.3548387096774194,0.3548387096774194,2.935483870967742,0.03225806451612903,2.02258064516129,567.0
Johnny Furphy,Pacers,88.0,68.0,15.0,372.0,80.0,17.0,45.0,10.0,95,0.9263157894736842,0.7157894736842105,0.15789473684210525,3.9157894736842107,0.10526315789473684,2.022105263157895,568.0
Maxi Kleber,Lakers,2.0,0.0,0.0,5.0,1.0,2.0,1.0,1.0,1,2.0,0.0,0.0,5.0,1.0,2.0,569.0
Doug McDermott,Kings,120.0,19.0,4.0,309.0,100.0,5.0,86.0,7.0,75,1.6,0.25333333333333335,0.05333333333333334,4.12,0.09333333333333334,1.9840000000000002,570.0
Jordan Walsh,Celtics,72.0,59.0,17.0,373.0,69.0,12.0,46.0,12.0,85,0.8470588235294118,0.6941176470588235,0.2,4.3882352941176475,0.1411764705882353,1.98,571.0
MarJon Beauchamp,Knicks,7.0,4.0,0.0,10.0,7.0,0.0,4.0,1.0,6,1.1666666666666667,0.6666666666666666,0.0,1.6666666666666667,0.16666666666666666,1.9666666666666668,572.0
Harrison Ingram,Spurs,4.0,9.0,3.0,35.0,4.0,0.0,1.0,1.0,10,0.4,0.9,0.3,3.5,0.1,1.93,573.0
Taze Moore,Trail Blazers,6.0,8.0,1.0,20.0,10.0,2.0,4.0,2.0,9,0.6666666666666666,0.8888888888888888,0.1111111111111111,2.2222222222222223,0.2222222222222222,1.9000000000000001,574.0
Jahmir Young,Bulls,7.0,3.0,3.0,21.0,4.0,0.0,2.0,1.0,8,0.875,0.375,0.375,2.625,0.125,1.8875,575.0
Ariel Hukporti,Knicks,52.0,53.0,11.0,221.0,33.0,15.0,0.0,21.0,70,0.7428571428571429,0.7571428571428571,0.15714285714285714,3.157142857142857,0.3,1.887142857142857,576.0
Jaden Springer,Celtics,45.0,24.0,10.0,140.0,34.0,21.0,19.0,4.0,48,0.9375,0.5,0.20833333333333334,2.9166666666666665,0.08333333333333333,1.85,577.0
E.J. Liddell,Bulls,21.0,9.0,3.0,50.0,14.0,2.0,9.0,2.0,20,1.05,0.45,0.15,2.5,0.1,1.815,578.0
Enrique Freeman,Pacers,38.0,22.0,8.0,150.0,29.0,15.0,7.0,5.0,43,0.8837209302325582,0.5116279069767442,0.18604651162790697,3.488372093023256,0.11627906976744186,1.7767441860465119,579.0
Garrett Temple,Raptors,44.0,29.0,29.0,212.0,53.0,12.0,25.0,10.0,69,0.6376811594202898,0.42028985507246375,0.42028985507246375,3.072463768115942,0.14492753623188406,1.7724637681159419,580.0
Tyler Kolek,Knicks,71.0,21.0,42.0,204.0,63.0,11.0,35.0,13.0,90,0.7888888888888889,0.23333333333333334,0.4666666666666667,2.2666666666666666,0.14444444444444443,1.7688888888888887,581.0
Vlatko Cancar,Nuggets,16.0,28.0,7.0,104.0,16.0,0.0,7.0,10.0,34,0.47058823529411764,0.8235294117647058,0.20588235294117646,3.0588235294117645,0.29411764705882354,1.7676470588235293,582.0
Bronny James,Lakers,58.0,15.0,15.0,147.0,59.0,14.0,32.0,10.0,56,1.0357142857142858,0.26785714285714285,0.26785714285714285,2.625,0.17857142857142858,1.7589285714285716,583.0
Pete Nance,76ers,15.0,10.0,3.0,68.0,15.0,2.0,12.0,0.0,18,0.8333333333333334,0.5555555555555556,0.16666666666666666,3.7777777777777777,0.0,1.75,584.0
Dario Saric,Nuggets,52.0,49.0,22.0,204.0,56.0,10.0,26.0,14.0,83,0.6265060240963856,0.5903614457831325,0.26506024096385544,2.4578313253012047,0.1686746987951807,1.7325301204819277,585.0
Chris Duarte,Bulls,36.0,20.0,9.0,73.0,26.0,8.0,15.0,1.0,43,0.8372093023255814,0.46511627906976744,0.20930232558139536,1.697674418604651,0.023255813953488372,1.7093023255813953,586.0
Lester Quinones,76ers,9.0,4.0,1.0,17.0,8.0,1.0,3.0,4.0,9,1.0,0.4444444444444444,0.1111111111111111,1.8888888888888888,0.4444444444444444,1.7,587.0
Josh Richardson,Heat,32.0,12.0,12.0,149.0,38.0,4.0,22.0,8.0,38,0.8421052631578947,0.3157894736842105,0.3157894736842105,3.9210526315789473,0.21052631578947367,1.6947368421052629,588.0
Matisse Thybulle,Trail Blazers,46.0,29.0,16.0,146.0,44.0,8.0,25.0,7.0,62,0.7419354838709677,0.46774193548387094,0.25806451612903225,2.3548387096774195,0.11290322580645161,1.6903225806451614,589.0
Alex Ducas,Thunder,31.0,21.0,4.0,110.0,27.0,0.0,19.0,4.0,37,0.8378378378378378,0.5675675675675675,0.10810810810810811,2.972972972972973,0.10810810810810811,1.6810810810810812,590.0
Luke Travers,Cavaliers,8.0,12.0,6.0,58.0,11.0,2.0,4.0,5.0,19,0.42105263157894735,0.631578947368421,0.3157894736842105,3.0526315789473686,0.2631578947368421,1.6526315789473682,591.0
Pete Nance,Bucks,4.0,5.0,2.0,23.0,5.0,0.0,3.0,0.0,8,0.5,0.625,0.25,2.875,0.0,1.625,592.0
Mason Jones,Kings,23.0,8.0,10.0,43.0,18.0,5.0,8.0,1.0,30,0.7666666666666667,0.26666666666666666,0.3333333333333333,1.4333333333333333,0.03333333333333333,1.5866666666666667,593.0
Tyler Smith,Bucks,44.0,20.0,4.0,89.0,38.0,4.0,21.0,6.0,47,0.9361702127659575,0.425531914893617,0.0851063829787234,1.8936170212765957,0.1276595744680851,1.5744680851063828,594.0
Reece Beekman,Warriors,2.0,1.0,1.0,4.0,1.0,0.0,0.0,0.0,3,0.6666666666666666,0.3333333333333333,0.3333333333333333,1.3333333333333333,0.0,1.5666666666666667,595.0
Colby Jones,Kings,26.0,23.0,7.0,129.0,26.0,0.0,10.0,7.0,41,0.6341463414634146,0.5609756097560976,0.17073170731707318,3.1463414634146343,0.17073170731707318,1.5634146341463415,596.0
Yuri Collins,Warriors,2.0,3.0,4.0,16.0,3.0,0.0,0.0,0.0,8,0.25,0.375,0.5,2.0,0.0,1.45,597.0
Jazian Gortman,Mavericks,24.0,5.0,6.0,58.0,23.0,4.0,11.0,5.0,27,0.8888888888888888,0.18518518518518517,0.2222222222222222,2.1481481481481484,0.18518518518518517,1.4444444444444444,598.0
JT Thor,Cavaliers,28.0,6.0,1.0,43.0,15.0,8.0,6.0,6.0,26,1.0769230769230769,0.23076923076923078,0.038461538461538464,1.6538461538461537,0.23076923076923078,1.4115384615384616,599.0
Armel Traore,Lakers,14.0,15.0,1.0,66.0,19.0,7.0,7.0,3.0,24,0.5833333333333334,0.625,0.041666666666666664,2.75,0.125,1.3958333333333335,600.0
Damion Lee,Suns,68.0,17.0,10.0,123.0,59.0,17.0,31.0,10.0,75,0.9066666666666666,0.22666666666666666,0.13333333333333333,1.64,0.13333333333333333,1.3786666666666665,601.0
PJ Hall,Nuggets,26.0,19.0,4.0,60.0,20.0,4.0,7.0,2.0,40,0.65,0.475,0.1,1.5,0.05,1.37,602.0
Yuki Kawamura,Grizzlies,24.0,7.0,14.0,62.0,22.0,6.0,16.0,4.0,39,0.6153846153846154,0.1794871794871795,0.358974358974359,1.5897435897435896,0.10256410256410256,1.3692307692307693,603.0
Cam Christie,Clippers,18.0,9.0,5.0,55.0,18.0,2.0,12.0,3.0,27,0.6666666666666666,0.3333333333333333,0.18518518518518517,2.037037037037037,0.1111111111111111,1.3444444444444446,604.0
Delon Wright,Knicks,26.0,9.0,12.0,101.0,19.0,10.0,10.0,3.0,41,0.6341463414634146,0.21951219512195122,0.2926829268292683,2.4634146341463414,0.07317073170731707,1.3365853658536584,605.0
JD Davison,Celtics,22.0,9.0,7.0,60.0,21.0,7.0,9.0,8.0,33,0.6666666666666666,0.2727272727272727,0.21212121212121213,1.8181818181818181,0.24242424242424243,1.312121212121212,606.0
Nate Williams,Rockets,51.0,9.0,6.0,118.0,51.0,6.0,24.0,14.0,54,0.9444444444444444,0.16666666666666666,0.1111111111111111,2.185185185185185,0.25925925925925924,1.3111111111111111,607.0
Keshad Johnson,Heat,28.0,21.0,3.0,77.0,18.0,8.0,4.0,5.0,48,0.5833333333333334,0.4375,0.0625,1.6041666666666667,0.10416666666666667,1.2020833333333334,608.0
Emoni Bates,Cavaliers,9.0,0.0,6.0,31.0,16.0,0.0,13.0,0.0,15,0.6,0.0,0.4,2.066666666666667,0.0,1.2000000000000002,609.0
Riley Minix,Spurs,0.0,2.0,0.0,7.0,1.0,0.0,1.0,0.0,2,0.0,1.0,0.0,3.5,0.0,1.2,610.0
Phillip Wheeler,76ers,0.0,2.0,0.0,15.0,7.0,0.0,3.0,1.0,2,0.0,1.0,0.0,7.5,0.5,1.2,610.0
Isaiah Crawford,Kings,13.0,8.0,0.0,41.0,11.0,4.0,5.0,1.0,19,0.6842105263157895,0.42105263157894735,0.0,2.1578947368421053,0.05263157894736842,1.1894736842105262,611.0
Colin Castleton,Grizzlies,14.0,9.0,0.0,46.0,10.0,11.0,4.0,1.0,21,0.6666666666666666,0.42857142857142855,0.0,2.1904761904761907,0.047619047619047616,1.1809523809523808,612.0
Jalen Bridges,Suns,7.0,3.0,0.0,26.0,5.0,2.0,5.0,4.0,9,0.7777777777777778,0.3333333333333333,0.0,2.888888888888889,0.4444444444444444,1.1777777777777778,613.0
Ulrich Chomche,Raptors,5.0,8.0,2.0,33.0,5.0,2.0,0.0,2.0,15,0.3333333333333333,0.5333333333333333,0.13333333333333333,2.2,0.13333333333333333,1.1733333333333333,614.0
Braxton Key,Warriors,5.0,11.0,1.0,32.0,12.0,6.0,2.0,4.0,17,0.29411764705882354,0.6470588235294118,0.058823529411764705,1.8823529411764706,0.23529411764705882,1.1588235294117646,615.0
Trentyn Flowers,Clippers,9.0,4.0,0.0,16.0,9.0,1.0,2.0,1.0,12,0.75,0.3333333333333333,0.0,1.3333333333333333,0.08333333333333333,1.15,616.0
Xavier Tillman,Celtics,32.0,41.0,7.0,222.0,51.0,2.0,29.0,13.0,82,0.3902439024390244,0.5,0.08536585365853659,2.707317073170732,0.15853658536585366,1.1182926829268292,617.0
D.J. Carton,Raptors,3.0,4.0,3.0,33.0,7.0,1.0,3.0,4.0,11,0.2727272727272727,0.36363636363636365,0.2727272727272727,3.0,0.36363636363636365,1.1181818181818182,618.0
Jalen Hood-Schifino,Lakers,4.0,1.0,1.0,14.0,1.0,2.0,0.0,1.0,6,0.6666666666666666,0.16666666666666666,0.16666666666666666,2.3333333333333335,0.16666666666666666,1.1166666666666667,619.0
Sidy Cissoko,Spurs,22.0,10.0,6.0,54.0,18.0,6.0,7.0,2.0,39,0.5641025641025641,0.2564102564102564,0.15384615384615385,1.3846153846153846,0.05128205128205128,1.1025641025641026,620.0
Chris Livingston,Bucks,21.0,26.0,2.0,86.0,20.0,10.0,7.0,5.0,51,0.4117647058823529,0.5098039215686274,0.0392156862745098,1.6862745098039216,0.09803921568627451,1.0823529411764705,621.0
Jack McVeigh,Rockets,14.0,5.0,1.0,41.0,17.0,0.0,13.0,2.0,20,0.7,0.25,0.05,2.05,0.1,1.075,622.0
Bones Hyland,Timberwolves,5.0,0.0,3.0,14.0,3.0,0.0,2.0,1.0,9,0.5555555555555556,0.0,0.3333333333333333,1.5555555555555556,0.1111111111111111,1.0555555555555556,623.0
Spencer Jones,Nuggets,22.0,12.0,2.0,94.0,25.0,3.0,12.0,4.0,38,0.5789473684210527,0.3157894736842105,0.05263157894736842,2.473684210526316,0.10526315789473684,1.0368421052631578,624.0
Trey Alexander,Nuggets,19.0,9.0,8.0,84.0,26.0,4.0,10.0,3.0,41,0.4634146341463415,0.21951219512195122,0.1951219512195122,2.048780487804878,0.07317073170731707,1.0195121951219512,625.0
Skal Labissiere,Kings,5.0,3.0,1.0,12.0,4.0,0.0,1.0,0.0,10,0.5,0.3,0.1,1.2,0.0,1.01,626.0
Lindy Waters III,Pistons,17.0,3.0,4.0,36.0,16.0,0.0,14.0,3.0,27,0.6296296296296297,0.1111111111111111,0.14814814814814814,1.3333333333333333,0.1111111111111111,0.9851851851851852,627.0
Jared Rhoden,Hornets,4.0,4.0,2.0,12.0,8.0,0.0,2.0,1.0,12,0.3333333333333333,0.3333333333333333,0.16666666666666666,1.0,0.08333333333333333,0.9833333333333333,628.0
Emanuel Miller,Bulls,4.0,3.0,2.0,13.0,4.0,2.0,1.0,0.0,11,0.36363636363636365,0.2727272727272727,0.18181818181818182,1.1818181818181819,0.0,0.9636363636363636,629.0
Liam Robbins,Bucks,9.0,12.0,2.0,58.0,8.0,10.0,2.0,6.0,28,0.32142857142857145,0.42857142857142855,0.07142857142857142,2.0714285714285716,0.21428571428571427,0.9428571428571427,630.0
Jae Crowder,Kings,20.0,18.0,5.0,99.0,19.0,6.0,14.0,4.0,54,0.37037037037037035,0.3333333333333333,0.09259259259259259,1.8333333333333333,0.07407407407407407,0.9092592592592592,631.0
Anton Watson,Knicks,6.0,2.0,2.0,14.0,7.0,0.0,0.0,1.0,13,0.46153846153846156,0.15384615384615385,0.15384615384615385,1.0769230769230769,0.07692307692307693,0.8769230769230769,632.0
Daishen Nix,Timberwolves,1.0,4.0,3.0,14.0,1.0,2.0,1.0,4.0,12,0.08333333333333333,0.3333333333333333,0.25,1.1666666666666667,0.3333333333333333,0.8583333333333333,633.0
Pacome Dadiet,Knicks,28.0,14.0,5.0,103.0,29.0,3.0,18.0,2.0,61,0.45901639344262296,0.22950819672131148,0.08196721311475409,1.6885245901639345,0.03278688524590164,0.8573770491803279,634.0
Patty Mills,Clippers,18.0,0.0,4.0,42.0,12.0,4.0,11.0,2.0,28,0.6428571428571429,0.0,0.14285714285714285,1.5,0.07142857142857142,0.8571428571428572,635.0
Joe Ingles,Timberwolves,15.0,11.0,23.0,115.0,23.0,0.0,15.0,9.0,76,0.19736842105263158,0.14473684210526316,0.3026315789473684,1.513157894736842,0.11842105263157894,0.8250000000000001,636.0
Leonard Miller,Timberwolves,31.0,16.0,0.0,40.0,22.0,8.0,6.0,3.0,61,0.5081967213114754,0.26229508196721313,0.0,0.6557377049180327,0.04918032786885246,0.8229508196721311,637.0
Bryce McGowens,Trail Blazers,13.0,3.0,2.0,31.0,14.0,6.0,4.0,4.0,24,0.5416666666666666,0.125,0.08333333333333333,1.2916666666666667,0.16666666666666666,0.8166666666666667,638.0
Alex Reese,Thunder,2.0,1.0,0.0,2.0,1.0,0.0,0.0,0.0,4,0.5,0.25,0.0,0.5,0.0,0.8,639.0
Justin Minaya,Trail Blazers,11.0,4.0,3.0,55.0,12.0,0.0,5.0,2.0,26,0.4230769230769231,0.15384615384615385,0.11538461538461539,2.1153846153846154,0.07692307692307693,0.7807692307692309,640.0
Matt Ryan,Knicks,28.0,8.0,3.0,68.0,31.0,2.0,19.0,3.0,54,0.5185185185185185,0.14814814814814814,0.05555555555555555,1.2592592592592593,0.05555555555555555,0.7796296296296296,641.0
Josh Christopher,Heat,8.0,5.0,5.0,38.0,14.0,4.0,5.0,4.0,28,0.2857142857142857,0.17857142857142858,0.17857142857142858,1.3571428571428572,0.14285714285714285,0.7678571428571428,642.0
Stanley Umude,Bucks,12.0,15.0,3.0,66.0,23.0,4.0,13.0,2.0,45,0.26666666666666666,0.3333333333333333,0.06666666666666667,1.4666666666666666,0.044444444444444446,0.7666666666666666,643.0
Alondes Williams,Pistons,5.0,0.0,1.0,4.0,2.0,0.0,1.0,0.0,9,0.5555555555555556,0.0,0.1111111111111111,0.4444444444444444,0.0,0.7222222222222222,644.0
Jamaree Bouyea,Bucks,2.0,0.0,1.0,5.0,1.0,0.0,0.0,1.0,5,0.4,0.0,0.2,1.0,0.2,0.7000000000000001,645.0
PJ Dozier,Timberwolves,7.0,5.0,5.0,36.0,3.0,6.0,3.0,1.0,30,0.23333333333333334,0.16666666666666666,0.16666666666666666,1.2,0.03333333333333333,0.6833333333333333,646.0
Jahlil Okafor,Pacers,0.0,1.0,1.0,3.0,0.0,0.0,0.0,0.0,4,0.0,0.25,0.25,0.75,0.0,0.675,647.0
Terry Taylor,Kings,0.0,1.0,1.0,2.0,0.0,0.0,0.0,0.0,4,0.0,0.25,0.25,0.5,0.0,0.675,647.0
Markieff Morris,Mavericks,12.0,8.0,4.0,41.0,22.0,0.0,13.0,2.0,48,0.25,0.16666666666666666,0.08333333333333333,0.8541666666666666,0.041666666666666664,0.575,648.0
Mac McClung,Magic,0.0,1.0,3.0,10.0,2.0,0.0,1.0,0.0,10,0.0,0.1,0.3,1.0,0.0,0.57,649.0
Chuma Okeke,Cavaliers,5.0,0.0,1.0,16.0,6.0,0.0,5.0,0.0,12,0.4166666666666667,0.0,0.08333333333333333,1.3333333333333333,0.0,0.5416666666666667,650.0
Tristen Newton,Timberwolves,0.0,4.0,1.0,8.0,2.0,0.0,0.0,1.0,12,0.0,0.3333333333333333,0.08333333333333333,0.6666666666666666,0.08333333333333333,0.5249999999999999,651.0
Jacob Toppin,Knicks,6.0,11.0,4.0,49.0,10.0,0.0,2.0,2.0,50,0.12,0.22,0.08,0.98,0.04,0.504,652.0
Quincy Olivari,Lakers,3.0,0.0,1.0,10.0,5.0,0.0,5.0,1.0,9,0.3333333333333333,0.0,0.1111111111111111,1.1111111111111112,0.1111111111111111,0.5,653.0
Miles Norris,Celtics,0.0,2.0,0.0,4.0,0.0,0.0,0.0,0.0,5,0.0,0.4,0.0,0.8,0.0,0.48,654.0
Maxwell Lewis,Lakers,4.0,2.0,2.0,30.0,6.0,0.0,0.0,2.0,22,0.18181818181818182,0.09090909090909091,0.09090909090909091,1.3636363636363635,0.09090909090909091,0.42727272727272725,655.0
Tristen Newton,Pacers,3.0,0.0,1.0,8.0,6.0,1.0,3.0,1.0,11,0.2727272727272727,0.0,0.09090909090909091,0.7272727272727273,0.09090909090909091,0.40909090909090906,656.0
Malevy Leons,Thunder,2.0,3.0,1.0,20.0,2.0,4.0,1.0,1.0,18,0.1111111111111111,0.16666666666666666,0.05555555555555555,1.1111111111111112,0.05555555555555555,0.39444444444444443,657.0
Jalen McDaniels,Wizards,0.0,0.0,1.0,7.0,0.0,0.0,0.0,0.0,4,0.0,0.0,0.25,1.75,0.0,0.375,658.0
James Johnson,Pacers,15.0,7.0,6.0,56.0,16.0,3.0,4.0,5.0,98,0.15306122448979592,0.07142857142857142,0.061224489795918366,0.5714285714285714,0.05102040816326531,0.33061224489795915,659.0
Bobi Klintman,Pistons,0.0,4.0,1.0,18.0,2.0,0.0,1.0,1.0,20,0.0,0.2,0.05,0.9,0.05,0.315,660.0
Yongxi Cui,Nets,3.0,2.0,0.0,10.0,7.0,2.0,3.0,0.0,18,0.16666666666666666,0.1111111111111111,0.0,0.5555555555555556,0.0,0.3,661.0
Jaylen Martin,Nets,3.0,0.0,0.0,5.0,2.0,0.0,1.0,0.0,10,0.3,0.0,0.0,0.5,0.0,0.3,661.0
Cole Swider,Pistons,0.0,2.0,1.0,13.0,5.0,0.0,5.0,0.0,14,0.0,0.14285714285714285,0.07142857142857142,0.9285714285714286,0.0,0.2785714285714285,662.0
Jesse Edwards,Timberwolves,0.0,0.0,1.0,5.0,0.0,0.0,0.0,0.0,11,0.0,0.0,0.09090909090909091,0.45454545454545453,0.0,0.13636363636363635,663.0
Vasilije Micic,Suns,0.0,2.0,0.0,8.0,0.0,0.0,0.0,0.0,20,0.0,0.1,0.0,0.4,0.0,0.12,664.0
Daishen Nix,Kings,0.0,0.0,0.0,0.0,0.0,0.0,0.0,0.0,4,0.0,0.0,0.0,0.0,0.0,0.0,665.0
Daniss Jenkins,Pistons,0.0,0.0,0.0,10.0,4.0,0.0,4.0,1.0,19,0.0,0.0,0.0,0.5263157894736842,0.05263157894736842,0.0,665.0
Jason Preston,Jazz,0.0,0.0,0.0,0.0,0.0,0.0,0.0,0.0,1,0.0,0.0,0.0,0.0,0.0,0.0,665.0
P.J. Tucker,Knicks,0.0,0.0,0.0,6.0,0.0,0.0,0.0,0.0,28,0.0,0.0,0.0,0.21428571428571427,0.0,0.0,665.0
Jaylen Nowell,Wizards,0.0,0.0,0.0,0.0,0.0,0.0,0.0,0.0,5,0.0,0.0,0.0,0.0,0.0,0.0,665.0
Patrick Baldwin Jr.,Clippers,0.0,0.0,0.0,0.0,0.0,0.0,0.0,0.0,2,0.0,0.0,0.0,0.0,0.0,0.0,665.0
Christian Wood,Lakers,0.0,0.0,0.0,0.0,0.0,0.0,0.0,0.0,3,0.0,0.0,0.0,0.0,0.0,0.0,665.0
Giannis Antetokounmpo,Team Chuck,0.0,0.0,0.0,0.0,0.0,0.0,0.0,0.0,2,0.0,0.0,0.0,0.0,0.0,0.0,665.0
Dennis Smith Jr.,Nets,0.0,0.0,0.0,0.0,0.0,0.0,0.0,0.0,1,0.0,0.0,0.0,0.0,0.0,0.0,665.0
Kendall Brown,Nets,0.0,0.0,0.0,0.0,0.0,0.0,0.0,0.0,1,0.0,0.0,0.0,0.0,0.0,0.0,665.0
Taran Armstrong,Warriors,0.0,0.0,0.0,0.0,0.0,0.0,0.0,0.0,4,0.0,0.0,0.0,0.0,0.0,0.0,665.0
Isaiah Stevens,Heat,0.0,0.0,0.0,2.0,0.0,0.0,0.0,0.0,14,0.0,0.0,0.0,0.14285714285714285,0.0,0.0,665.0
Kevon Harris,Hawks,0.0,0.0,0.0,0.0,0.0,0.0,0.0,0.0,1,0.0,0.0,0.0,0.0,0.0,0.0,665.0
Brandon Ingram,Raptors,0.0,0.0,0.0,0.0,0.0,0.0,0.0,0.0,6,0.0,0.0,0.0,0.0,0.0,0.0,665.0
Kevin McCullar Jr.,Knicks,0.0,0.0,0.0,3.0,1.0,0.0,0.0,0.0,2,0.0,0.0,0.0,1.5,0.0,0.0,665.0
Boo Buie,Knicks,0.0,0.0,0.0,0.0,0.0,0.0,0.0,0.0,1,0.0,0.0,0.0,0.0,0.0,0.0,665.0
Tolu Smith,Pistons,0.0,0.0,0.0,0.0,0.0,0.0,0.0,0.0,3,0.0,0.0,0.0,0.0,0.0,0.0,665.0
Eugene Omoruyi,Raptors,0.0,0.0,0.0,0.0,0.0,0.0,0.0,0.0,5,0.0,0.0,0.0,0.0,0.0,0.0,665.0
Jaden Springer,Rockets,0.0,0.0,0.0,0.0,0.0,0.0,0.0,0.0,1,0.0,0.0,0.0,0.0,0.0,0.0,665.0
Anthony Davis,Team Shaq,0.0,0.0,0.0,0.0,0.0,0.0,0.0,0.0,2,0.0,0.0,0.0,0.0,0.0,0.0,665.0
Ethan Thompson,Magic,0.0,0.0,0.0,0.0,0.0,0.0,0.0,0.0,1,0.0,0.0,0.0,0.0,0.0,0.0,665.0
Jalen Hood-Schifino,Jazz,0.0,0.0,0.0,0.0,0.0,0.0,0.0,0.0,1,0.0,0.0,0.0,0.0,0.0,0.0,665.0
Erik Stevenson,Wizards,0.0,0.0,0.0,0.0,0.0,0.0,0.0,0.0,4,0.0,0.0,0.0,0.0,0.0,0.0,665.0
Cameron Parker,Warriors,0.0,0.0,0.0,0.0,0.0,0.0,0.0,0.0,5,0.0,0.0,0.0,0.0,0.0,0.0,665.0
LeBron James,Team Shaq,0.0,0.0,0.0,0.0,0.0,0.0,0.0,0.0,2,0.0,0.0,0.0,0.0,0.0,0.0,665.0
Anton Watson,Celtics,0.0,0.0,0.0,0.0,0.0,0.0,0.0,0.0,4,0.0,0.0,0.0,0.0,0.0,0.0,665.0
Ron Harper Jr.,Pistons,0.0,0.0,0.0,0.0,0.0,0.0,0.0,0.0,4,0.0,0.0,0.0,0.0,0.0,0.0,665.0
Anthony Edwards,Team Kenny,0.0,0.0,0.0,0.0,0.0,0.0,0.0,0.0,1,0.0,0.0,0.0,0.0,0.0,0.0,665.0
Zyon Pullin,Grizzlies,0.0,0.0,0.0,3.0,1.0,0.0,0.0,0.0,4,0.0,0.0,0.0,0.75,0.0,0.0,665.0
